Rk,Player,Pos,Age,Tm,G,MP,PER,3PAr,FTr,OWS,DWS,WS,WS/48,OBPM,DBPM,BPM,VORP,,%Game,TS%,ORB%,DRB%,TRB%,AST%,STL%,BLK%,TOV%,USG%,Salary
1,Precious Achiuwa,PF,21,MIA,61,737,14.2,0.004,0.482,0.3,1,1.3,0.085,-3.5,-0.9,-4.5,-0.5,,1,0.55,11.5,20.6,16.1,6.1,1.3,4,13.5,19.5,43006362
2,Jaylen Adams,PG,24,MIL,7,18,-6.5,0.25,0,-0.1,0,-0.1,-0.252,-14.9,-5,-19.8,-0.1,,1,0.125,0,16.9,8.8,12.7,0,0,0,18.6,41358814
3,Steven Adams,C,27,NOP,58,1605,15.1,0.01,0.438,2.3,1.7,4,0.119,-0.3,-0.5,-0.8,0.5,,1,0.596,14.4,20.4,17.4,9.1,1.6,2.2,17.5,11.7,41358814
4,Bam Adebayo,C,23,MIA,64,2143,22.7,0.01,0.443,5.6,3.2,8.8,0.197,2.9,1.9,4.7,3.6,,1,0.626,7.7,22.6,15.3,26.9,1.7,3.2,15,23.7,41254920
5,LaMarcus Aldridge,C,35,TOT,26,674,15.7,0.27,0.159,0.5,0.6,1.1,0.08,-0.2,-0.4,-0.6,0.2,,0.5,0.556,3,15.8,9.4,11,0.8,3.7,7.9,22.2,41254920
5,LaMarcus Aldridge,C,35,SAS,21,544,15.1,0.302,0.149,0.3,0.5,0.8,0.067,-0.2,-1,-1.2,0.1,,0.4,0.545,3.3,15.4,9.2,10.2,0.7,2.8,7,22.7,39219566
5,LaMarcus Aldridge,C,35,BRK,5,130,18.2,0.104,0.208,0.2,0.2,0.4,0.135,-0.2,1.9,1.7,0.1,,0.1,0.611,1.8,17.8,10.2,14.3,1.1,7.4,11.8,19.9,39058950
6,Ty-Shon Alexander,SG,22,PHO,15,47,4.2,0.75,0.167,-0.1,0,0,-0.048,-5.3,-1.6,-6.8,-0.1,,1,0.349,4.9,19,12.1,15.4,0,1.9,18.9,15,35450412
7,Nickeil Alexander-Walker,SG,22,NOP,46,1007,12.5,0.478,0.144,-0.3,1,0.7,0.035,-1.4,-0.2,-1.6,0.1,,1,0.522,1.4,14.1,7.8,14.7,2.2,2.1,12.4,23.2,35361360
8,Grayson Allen,SG,25,MEM,50,1259,12.8,0.662,0.22,1.5,1.2,2.7,0.101,-0.4,-0.1,-0.5,0.5,,1,0.586,1.6,12,6.7,11.5,1.7,0.6,9.6,16.8,34502132
9,Jarrett Allen,C,22,TOT,63,1864,20.1,0.039,0.602,4.3,2.1,6.4,0.166,1.4,-0.4,0.9,1.4,,0.5,0.661,11.6,26.3,18.9,8.7,0.8,4.3,14.1,16.6,34379100
9,Jarrett Allen,C,22,BRK,12,320,21.5,0,0.938,1,0.5,1.4,0.216,1.3,0.6,1.9,0.3,,0.1,0.73,13.8,28.6,21.6,8.3,1.1,5.2,19.3,15.5,34379100
9,Jarrett Allen,C,22,CLE,51,1544,19.8,0.046,0.549,3.4,1.6,5,0.155,1.4,-0.7,0.7,1.1,,0.4,0.649,11.2,25.9,18.3,8.8,0.8,4.1,13.1,16.8,34379100
10,Al-Farouq Aminu,PF,30,TOT,23,434,8.9,0.374,0.222,-0.4,0.5,0.1,0.01,-5,1,-4,-0.2,,0.5,0.469,5.1,21.9,13.3,10.1,2.1,1.9,20.5,13.6,34358850
10,Al-Farouq Aminu,PF,30,ORL,17,367,9.9,0.348,0.191,-0.3,0.4,0.1,0.014,-4.4,1.2,-3.3,-0.1,,0.4,0.482,5.5,20.8,12.9,11.3,2.3,2.2,20.6,14.3,33900241
10,Al-Farouq Aminu,PF,30,CHI,6,67,3,0.6,0.5,-0.1,0.1,0,-0.013,-7.9,0,-7.9,-0.1,,0.1,0.369,3.3,27.8,15.7,3.5,1.4,0,19.7,9.8,33460350
11,Kyle Anderson,PF,27,MEM,69,1887,17.2,0.397,0.28,2.9,2.7,5.6,0.143,1.4,1.7,3.1,2.4,,1,0.578,2.9,19.5,11.1,18.3,2.1,2.7,10.4,18.5,33051724
12,Giannis Antetokounmpo,PF,26,MIL,61,2013,29.2,0.201,0.528,6.9,3.3,10.2,0.244,6.2,2.6,8.8,5.5,,1,0.633,5.3,28.9,17.5,28.7,1.7,3.2,13.2,32.5,32742000
13,Kostas Antetokounmpo,PF,23,LAL,15,56,0,0,1.3,-0.3,0.1,-0.2,-0.174,-13.2,0.2,-13,-0.2,,1,0.382,8.1,29.9,19.1,2.3,1.7,6.4,41.2,20.7,31626953
14,Thanasis Antetokounmpo,SF,28,MIL,57,551,10.3,0.212,0.358,0,0.6,0.7,0.057,-3.6,-0.3,-3.9,-0.3,,1,0.523,10.7,12.9,11.8,10.3,1.9,1.6,21.3,15.3,31258256
15,Carmelo Anthony,PF,36,POR,69,1690,14.6,0.418,0.198,1.7,0.8,2.6,0.073,0.1,-1.6,-1.5,0.2,,1,0.547,2,11.8,6.8,9.2,1.3,2,6.7,23.1,30559200
16,Cole Anthony,PG,20,ORL,47,1273,12.1,0.312,0.237,-0.9,0.9,0,-0.001,-2,-1.3,-3.3,-0.4,,1,0.496,3,15.4,9,24.2,1.1,1.3,14.8,24.3,30559200
17,OG Anunoby,SF,23,TOR,43,1433,15.4,0.503,0.197,1.5,1.6,3.1,0.104,0.6,0.3,1,1.1,,1,0.605,4,14.6,9.1,10.1,2.2,2.2,11.7,19.3,30500000
18,Ryan Arcidiacono,PG,26,CHI,44,450,9.8,0.573,0.171,0.5,0.4,0.9,0.093,-2.7,0.2,-2.5,-0.1,,1,0.541,1.2,15.1,8.3,16.3,1,0,7.4,13.1,29592695
19,Trevor Ariza,SF,35,MIA,30,841,11.9,0.593,0.183,0.5,1,1.6,0.091,-1.5,0.2,-1.3,0.2,,1,0.542,3.7,15.6,9.8,9.4,1.8,2.2,7.5,15.1,29542010
20,D.J. Augustin,PG,33,TOT,57,1129,12.1,0.633,0.274,1.5,0.5,2.1,0.088,-0.5,-1.6,-2.1,0,,0.5,0.57,1.9,7,4.4,22.2,1.2,0.1,14.5,16.8,29542010
20,D.J. Augustin,PG,33,MIL,37,713,10.2,0.672,0.208,0.8,0.4,1.2,0.08,-1,-1.1,-2.1,0,,0.3,0.542,1.7,5.5,3.7,18.6,1.3,0.1,14,14.3,29542010
20,D.J. Augustin,PG,33,HOU,20,416,15.5,0.583,0.358,0.8,0.1,0.9,0.103,0.3,-2.5,-2.2,0,,0.2,0.604,2.2,9.4,5.6,28.3,0.9,0,15.1,21,29467800
21,Deni Avdija,SF,20,WAS,54,1257,7.6,0.538,0.144,0,1.2,1.2,0.046,-3.6,-0.3,-3.9,-0.6,,1,0.515,1.9,20.2,11,6.3,1.2,1,9,12,29467800
22,Deandre Ayton,C,22,PHO,69,2115,20.3,0.029,0.252,5.3,3.1,8.4,0.191,0.9,0,0.9,1.6,,1,0.653,12.4,26.3,19.5,6.8,1,3.4,11.9,18.2,29467800
23,Udoka Azubuike,C,21,UTA,15,57,10.3,0,1.111,0,0.1,0.1,0.119,-5.6,0.7,-4.9,0,,1,0.597,7.8,16,12.1,0,0.9,5.7,18.3,12.4,29354152
24,Dwayne Bacon,SG,25,ORL,72,1853,9.9,0.285,0.242,-0.3,0.9,0.5,0.013,-3.5,-1.6,-5.1,-1.4,,1,0.49,1.7,11.2,6.3,7.9,1.2,0.2,5.4,19.8,28751774
25,Marvin Bagley III,PF,21,SAC,43,1112,16.3,0.22,0.273,0.9,0.5,1.4,0.059,-0.6,-2.8,-3.4,-0.4,,1,0.554,10.4,21.5,15.9,5.8,0.9,1.6,9.7,23.5,28751774
26,LaMelo Ball,PG,19,CHO,51,1469,17.5,0.388,0.246,1,1.9,2.8,0.093,1.2,0.6,1.9,1.4,,1,0.539,4.6,17.9,11.1,33.9,2.7,1.2,16.3,26.1,28649250
27,Lonzo Ball,PG,23,NOP,55,1747,15.2,0.65,0.091,1.5,1.7,3.2,0.089,1.4,0.2,1.6,1.6,,1,0.551,2.1,14.3,8.2,25.4,2.3,1.7,14.5,20.5,28500000
28,Mo Bamba,C,22,ORL,46,725,19.3,0.392,0.219,0.7,1.1,1.8,0.117,0.1,-0.1,0,0.4,,1,0.556,10.5,28,19,8.1,0.9,7.3,9.8,21.8,28489239
29,Desmond Bane,SG,22,MEM,68,1519,12.2,0.543,0.098,1.6,1.3,2.9,0.093,-0.7,-0.3,-1,0.4,,1,0.6,2.1,12.6,7.3,10.6,1.3,0.9,10.2,16.1,27739975
30,Harrison Barnes,PF,28,SAC,58,2102,15.4,0.399,0.366,4,0.5,4.5,0.103,1.4,-1.6,-0.2,1,,1,0.626,3.3,17.2,10.2,13,1,0.4,11.1,17.2,27528088
31,RJ Barrett,SG,20,NYK,72,2511,13.4,0.292,0.26,0.9,3.1,4.1,0.078,-1,-0.5,-1.5,0.3,,1,0.535,3,14.8,8.9,13.8,1.1,0.8,10.5,23.4,27500000
32,Will Barton,SF,30,DEN,56,1736,11.8,0.423,0.199,0.7,1.5,2.2,0.061,-0.8,-1.2,-2,0,,1,0.538,2.6,12.2,7.4,14.1,1.4,1.3,12.7,19,27285000
33,Keita Bates-Diop,SF,25,SAS,30,245,12,0.254,0.313,0.1,0.3,0.3,0.068,-2.7,0.8,-2,0,,1,0.518,3.8,17.7,10.6,6.6,2.2,1.7,8.4,14.8,27285000
34,Nicolas Batum,SF,32,LAC,67,1835,12.9,0.66,0.141,2.7,2.3,5,0.132,0.5,1,1.4,1.6,,1,0.617,3.2,15.9,9.7,10.5,1.9,1.8,10.8,11.8,26775281
35,Aron Baynes,C,34,TOR,53,980,10.5,0.339,0.135,0.1,0.9,1,0.049,-3.5,-1.3,-4.7,-0.7,,1,0.503,9.4,21.7,15.3,7,0.8,2.3,12.5,16.2,26000000
36,Kent Bazemore,SF,31,GSW,67,1333,10.6,0.469,0.199,-0.2,2.1,1.8,0.065,-2.9,1.3,-1.7,0.1,,1,0.564,2.1,16,9.1,11.1,2.4,2.2,16.1,16.3,25876111
37,Darius Bazley,PF,20,OKC,55,1714,9.7,0.414,0.258,-2.3,1.4,-0.9,-0.026,-3.1,-1.4,-4.4,-1,,1,0.491,3.1,21.2,12,8.9,0.8,1.3,13.7,22.1,25035118
38,Bradley Beal,SG,27,WAS,60,2147,22.7,0.27,0.332,4.2,1.7,5.9,0.132,4.9,-1.7,3.2,2.8,,1,0.593,3.6,10.4,7,21.3,1.5,0.9,10.6,34.1,24931817
39,Malik Beasley,SG,24,MIN,37,1214,14.6,0.535,0.133,0.9,0.4,1.3,0.053,1.7,-2.3,-0.6,0.4,,1,0.57,2.4,12.4,7.2,11.6,1.2,0.5,8.6,24,22246956
40,Jordan Bell,C,26,TOT,6,82,8,0.091,0.091,-0.1,0.1,0,-0.008,-5.2,-0.4,-5.6,-0.1,,0.5,0.328,9.1,21.9,15.5,10.6,1.7,5.2,14.9,13.6,22215909
40,Jordan Bell,C,26,WAS,5,67,8.5,0.1,0,-0.1,0.1,0,-0.004,-4.7,-0.8,-5.5,-0.1,,0.4,0.35,9.5,20.5,15,9.5,2.1,3.7,13,14.2,21250000
40,Jordan Bell,C,26,GSW,1,15,5.6,0,1,0,0,0,-0.026,-7.2,1.5,-5.7,0,,0.1,0.174,7.2,28,17.7,15.5,0,11.8,25.8,11.1,21000000
41,DeAndre' Bembry,SF,26,TOR,51,972,11.2,0.232,0.289,0.1,1.1,1.2,0.059,-3.2,1.2,-2.1,0,,1,0.57,3.6,13.3,8.3,15.6,2.6,1.9,21.6,14.6,20700000
42,Dāvis Bertāns,PF,28,WAS,57,1464,11.4,0.895,0.241,2.1,1,3.1,0.101,0.4,-1.4,-1,0.4,,1,0.62,1.3,10.8,6.1,4.4,1,0.7,5.9,15.9,19845000
43,Patrick Beverley,PG,32,LAC,37,832,12,0.641,0.205,1,1,2.1,0.119,-0.7,0.7,0,0.4,,1,0.58,4,11.8,8,12,1.7,3,12.4,14.6,19800000
44,Saddiq Bey,SF,21,DET,70,1909,12.6,0.666,0.213,1.6,1.7,3.3,0.082,0.3,-1.1,-0.8,0.6,,1,0.567,2.5,16.2,9.3,7.6,1.3,0.6,7.4,18.7,19610714
45,Tyler Bey,SF,22,DAL,18,71,5.9,0.182,0.227,-0.1,0,0,-0.033,-5.5,-4.1,-9.6,-0.1,,1,0.372,12.5,16.9,14.7,5.6,0,1.3,11,16.9,19500000
46,Khem Birch,C,28,TOT,67,1529,15.1,0.137,0.339,2.3,1.4,3.8,0.118,-1,-0.3,-1.3,0.3,,0.5,0.552,11.6,15.3,13.4,8.5,1.5,3.1,9.2,13.6,19500000
46,Khem Birch,C,28,ORL,48,952,14.1,0.1,0.407,1.3,0.8,2.1,0.106,-1.6,-0.6,-2.2,0,,0.4,0.517,12.3,14.2,13.2,8,1.6,2.7,8.5,12.2,19050000
46,Khem Birch,C,28,TOR,19,577,16.8,0.181,0.257,1.1,0.6,1.7,0.138,0,0.1,0.1,0.3,,0.1,0.596,10.5,17.2,13.7,9.4,1.3,3.8,9.9,15.8,18975000
47,Goga Bitadze,C,21,IND,45,561,16.3,0.407,0.314,0.7,0.8,1.5,0.129,-1.9,0.8,-1.2,0.1,,1,0.523,11.7,17.3,14.5,8.9,0.8,8.7,7.1,18.1,18900000
48,Bismack Biyombo,C,28,CHO,66,1349,11.7,0.004,0.434,0.9,1.4,2.3,0.081,-3.2,-0.1,-3.3,-0.5,,1,0.574,10.8,17.1,13.9,8.3,0.6,5.4,19.8,11.5,18136364
49,Nemanja Bjelica,PF,32,TOT,37,595,12.9,0.434,0.26,0.5,0.3,0.9,0.071,-1.4,-1.1,-2.5,-0.1,,0.5,0.554,5.4,18.5,11.9,16.2,1.2,0.8,13.1,18.4,18000000
49,Nemanja Bjelica,PF,32,SAC,26,439,12.7,0.387,0.28,0.3,0.1,0.5,0.052,-1.3,-1.7,-3,-0.1,,0.4,0.555,6,19.5,12.6,15.3,0.9,0.4,14.3,19.3,18000000
49,Nemanja Bjelica,PF,32,MIA,11,156,13.3,0.587,0.196,0.2,0.2,0.4,0.122,-1.9,0.7,-1.2,0,,0.1,0.55,3.7,15.8,9.9,18.7,2.2,2,9.1,15.9,18000000
50,Eric Bledsoe,SG,31,NOP,71,2111,11.5,0.486,0.267,1.1,1.3,2.3,0.053,-1.1,-1.3,-2.3,-0.2,,1,0.533,1.5,11.1,6.3,17.3,1.2,1.1,12.3,18.5,18000000
51,Keljin Blevins,SF,25,POR,17,75,-0.9,0.4,0,-0.2,0,-0.2,-0.137,-9,-3,-12,-0.2,,1,0.3,4.2,10.3,7.1,6.7,1.3,0,20,14.3,17850000
52,Bogdan Bogdanović,SG,28,ATL,44,1305,17.6,0.589,0.078,2.8,1.1,3.9,0.142,3.4,0.4,3.8,1.9,,1,0.616,1.7,11.5,6.7,17.6,1.8,0.9,8.5,21.3,17628340
53,Bojan Bogdanović,SF,31,UTA,72,2216,14,0.498,0.286,2.7,2.5,5.2,0.113,0.1,-0.9,-0.8,0.7,,1,0.588,2,11.1,6.7,9.1,1,0.1,10.9,22.8,17587688
54,Bol Bol,PF,21,DEN,32,160,9.4,0.414,0.259,-0.2,0.2,0,-0.004,-3.6,-0.7,-4.4,-0.1,,1,0.534,0,16.9,8.5,6,0.9,6.1,16.8,21.2,17150000
55,Marques Bolden,C,22,CLE,6,29,13.3,0,2.667,0,0,0,0.063,-3.4,0.6,-2.8,0,,1,0.537,11.3,11.9,11.6,0,3.4,6.1,23.5,12.8,17000000
56,Jordan Bone,PG,23,ORL,14,196,8.9,0.593,0,0.1,0.1,0.2,0.045,-2.6,-1.6,-4.2,-0.1,,1,0.519,2,11,6.4,13.6,0.5,0,5.3,12.6,16875000
57,Isaac Bonga,SF,21,WAS,40,432,4,0.58,0.099,-0.4,0.4,0,-0.001,-5.6,-0.8,-6.4,-0.5,,1,0.461,4.4,11.7,8.1,6.5,1.2,1.7,20.7,10.2,16869267
58,Devin Booker,SG,24,PHO,67,2270,19.2,0.288,0.305,2.9,2,4.9,0.104,1.4,-1.5,-0.1,1.1,,1,0.587,1.7,12.1,7,20.6,1.2,0.6,12.4,32.7,16203704
59,Chris Boucher,C,28,TOR,60,1453,21.9,0.42,0.345,4,2.1,6.1,0.201,2.8,0.1,2.9,1.8,,1,0.634,8.5,22.5,15.3,6.9,1.2,7.6,6.7,20.5,16071429
60,Brian Bowen,SF,22,IND,6,15,1,0.25,0.25,0,0,0,-0.063,-8.2,-3.3,-11.5,0,,1,0.338,0,21.6,10.8,0,0,0,0,12.6,16047100
61,Avery Bradley,SG,30,TOT,27,602,6.3,0.591,0.088,-0.5,0.4,-0.1,-0.008,-4.9,-0.8,-5.7,-0.6,,0.5,0.487,1.4,9.1,5.2,10.8,1.7,0.5,13.6,14.9,15500000
61,Avery Bradley,SG,30,MIA,10,211,10.4,0.576,0.136,0.1,0.2,0.3,0.072,-2.7,-0.6,-3.2,-0.1,,0.2,0.607,1.1,8.5,4.9,10,1.6,0.5,11.4,16.9,15415730
61,Avery Bradley,SG,30,HOU,17,391,4,0.6,0.057,-0.6,0.2,-0.4,-0.052,-6.1,-0.9,-7,-0.5,,0.3,0.409,1.6,9.4,5.3,11.2,1.7,0.5,15,13.8,15365853
62,Tony Bradley,C,23,TOT,42,684,20.7,0.015,0.279,1.8,1,2.7,0.192,1.1,0.1,1.2,0.6,,0.5,0.678,13.3,24,18.6,8.5,1,3.9,13,15.8,15000000
62,Tony Bradley,C,23,PHI,20,287,21.1,0.013,0.147,1,0.5,1.5,0.245,2.1,1,3.1,0.4,,0.2,0.683,15.2,24.5,19.9,8.7,1,4.1,7,12.9,15000000
62,Tony Bradley,C,23,OKC,22,397,20.4,0.016,0.361,0.8,0.5,1.3,0.154,0.4,-0.5,-0.1,0.2,,0.3,0.676,11.9,23.6,17.7,8.3,1.1,3.8,16,18,15000000
63,Jarrell Brantley,PF,24,UTA,28,138,16.6,0.538,0.038,0.3,0.2,0.5,0.172,0.5,1.6,2.1,0.1,,1,0.605,7.2,13.3,10.4,16.1,2.5,1.2,13.1,19,14883721
64,Ignas Brazdeikis,SF,22,TOT,13,249,9.5,0.337,0.169,-0.1,0.1,0.1,0.016,-3.9,-1.8,-5.7,-0.2,,0.5,0.51,4.5,14.7,9.4,10.5,0.8,1.1,11.9,17.6,14500000
64,Ignas Brazdeikis,SF,22,NYK,4,7,11.2,0,2,0,0,0,0.039,-2.9,-1.9,-4.8,0,,0.2,0.532,15.7,15.3,15.5,17.5,0,0,34.7,18.3,14375000
64,Ignas Brazdeikis,SF,22,PHI,1,8,-12,0.333,0,-0.1,0,-0.1,-0.33,-18.9,-4.2,-23.2,0,,0,0,0,27,13.8,0,0,0,0,16.1,14286000
64,Ignas Brazdeikis,SF,22,ORL,8,234,10.2,0.342,0.152,0,0.1,0.1,0.027,-3.4,-1.7,-5.1,-0.2,,0.3,0.528,4.3,14.2,9.1,10.6,0.8,1.2,11.5,17.6,13723214
65,Mikal Bridges,SF,24,PHO,72,2348,16.4,0.471,0.196,5.4,2.6,8,0.164,2.2,0.8,3,3,,1,0.667,3.7,11.1,7.5,8.8,1.6,2.4,7.3,14.9,13545000
66,Miles Bridges,PF,22,CHO,66,1932,14.7,0.466,0.182,2.4,1.9,4.2,0.105,0.2,0,0.2,1,,1,0.625,4.5,18,11.1,11.4,1.1,2.7,13.6,17.3,13535714
67,Amida Brimah,C,26,IND,5,29,16.6,0,0.375,0,0.1,0,0.073,-5.5,1.5,-4,0,,1,0.697,7.5,22.3,15,4.8,0,14,30,19.6,13500000
68,Oshae Brissett,SF,22,IND,21,519,17.2,0.517,0.43,1.2,0.6,1.8,0.165,0.9,-0.6,0.4,0.3,,1,0.638,6.1,17.9,12,4.6,1.7,3.1,5.3,15.6,13425895
69,Malcolm Brogdon,PG,28,IND,56,1930,17.9,0.382,0.181,2.9,1.3,4.2,0.105,2.9,-1.4,1.5,1.7,,1,0.561,3.3,13.2,8.3,25.7,1.2,0.6,9.8,25.9,13333333
70,Armoni Brooks,SG,22,HOU,20,520,10.4,0.818,0.063,0.1,0.2,0.3,0.03,-1.3,-2,-3.3,-0.2,,1,0.565,2,12.4,7,8.7,1.1,0.9,10,17.9,13015874
71,Dillon Brooks,SF,25,MEM,67,1997,12.1,0.361,0.189,-0.5,1.8,1.4,0.033,-2.6,-1.3,-3.9,-1,,1,0.515,2.8,7.7,5.2,11.7,1.9,1.2,9.6,26.1,13013700
72,Bruce Brown,PG,24,BRK,65,1451,16.1,0.139,0.277,2.8,1.5,4.4,0.144,-0.4,0.1,-0.3,0.6,,1,0.604,8.9,17.2,13.3,9.8,1.9,1.7,10.2,15.9,13000000
73,Charlie Brown,SG,23,OKC,9,152,4.1,0.488,0.233,-0.2,0.1,-0.1,-0.032,-7.8,-1.2,-8.9,-0.3,,1,0.422,2,9.7,5.8,8.2,1.3,1.2,11.2,14.9,12946428
74,Jaylen Brown,SG,24,BOS,58,1999,19.9,0.37,0.225,2.8,2,4.8,0.115,3.5,-1,2.5,2.3,,1,0.586,3.9,15.5,9.7,16.5,1.8,1.5,11.5,29.7,12888889
75,Moses Brown,C,21,OKC,43,920,18.8,0,0.47,1.3,1.3,2.6,0.138,-1.2,-1.4,-2.6,-0.1,,1,0.572,17.2,26.2,21.6,1.7,1.6,4.5,11.7,16.9,12819650
76,Sterling Brown,SG,25,HOU,51,1229,11.1,0.642,0.093,1,0.8,1.8,0.071,-1.7,0,-1.7,0.1,,1,0.597,3.2,16.8,9.7,8.4,1.5,0.9,10.5,13.5,12800000
77,Troy Brown Jr.,SF,21,TOT,34,524,8.5,0.486,0.146,0,0.5,0.5,0.043,-3.3,-1,-4.3,-0.3,,0.5,0.525,4.2,17.4,10.8,7.2,0.9,1,12.1,14,12697675
77,Troy Brown Jr.,SF,21,WAS,21,287,6.3,0.517,0.169,-0.3,0.2,-0.1,-0.009,-3.7,-2,-5.7,-0.3,,0.3,0.471,4.1,18.4,11.3,8.5,0.5,1.2,14.3,16.1,12650000
77,Troy Brown Jr.,SF,21,CHI,13,237,11.2,0.436,0.109,0.3,0.2,0.5,0.107,-2.7,0.2,-2.5,0,,0.2,0.616,4.3,16.2,10.3,5.6,1.4,0.7,8,11.5,12600000
78,Jalen Brunson,PG,24,DAL,68,1697,17.1,0.319,0.241,3.9,1.1,5.1,0.143,1.4,-0.9,0.5,1.1,,1,0.618,1.8,13.1,7.5,21.3,1,0.1,10.3,20.2,12288697
79,Elijah Bryant,SG,25,MIL,1,32,10.6,0.385,0.231,0,0,0,0.008,-4.1,-3.6,-7.7,0,,1,0.559,6.8,12.7,9.9,12.6,0,2.8,21.8,24,12250000
80,Thomas Bryant,C,23,WAS,10,271,18.7,0.231,0.264,0.7,0.2,1,0.171,2.1,-1.7,0.4,0.2,,1,0.704,7.1,16.8,11.9,8.2,0.7,2.5,9.8,17.2,12178571
81,Reggie Bullock,SF,29,NYK,65,1949,11.1,0.709,0.098,2.3,2.3,4.6,0.114,-0.8,0.6,-0.1,0.9,,1,0.606,0.9,11.4,6.2,7.4,1.3,0.5,7.1,14.4,12138345
82,Trey Burke,PG,28,DAL,62,911,12.6,0.465,0.161,0.7,0.7,1.4,0.071,-1.3,-0.7,-2,0,,1,0.544,1.2,5.3,3.3,12.9,1.9,0.7,8,20,12073020
83,Alec Burks,SG,29,NYK,49,1255,14.8,0.492,0.236,1.5,1.8,3.3,0.126,0.6,0.3,0.9,0.9,,1,0.564,1.8,17.6,9.8,13.2,1.2,1.1,8.2,21.3,12000000
84,Jimmy Butler,SF,31,MIA,52,1745,26.5,0.139,0.565,6.6,2.7,9.3,0.255,5.1,2.5,7.5,4.2,,1,0.607,6.3,17.1,11.8,35.1,3.1,1.1,10.6,26.6,11709091
85,Bruno Caboclo,PF,25,HOU,6,36,9,0.294,0.118,-0.1,0,-0.1,-0.088,-8.5,-2.1,-10.6,-0.1,,1,0.475,8.5,34,20.7,4.7,0,5,18.3,25.8,11608231
86,Devontae Cacok,PF,24,LAL,20,98,17.2,0,0.379,0.1,0.2,0.3,0.142,-1.3,0.6,-0.7,0,,1,0.576,13.8,22.8,18.4,1.5,2.5,3.7,12.9,17.2,11500000
87,Kentavious Caldwell-Pope,SG,27,LAL,67,1902,10.7,0.579,0.221,1.6,2.6,4.2,0.107,-1.5,0.6,-0.9,0.6,,1,0.588,1.6,8.9,5.3,9.2,1.6,1.2,10.6,14.2,11454048
88,Facundo Campazzo,PG,29,DEN,65,1425,11.6,0.686,0.289,1.6,1.5,3.1,0.105,-1.7,1,-0.8,0.5,,1,0.558,1.8,8.9,5.3,20.2,2.7,1,17.1,13.1,11400000
89,Vlatko Čančar,PF,23,DEN,41,281,9.7,0.458,0.181,0,0.3,0.3,0.053,-2.6,-0.1,-2.7,0,,1,0.547,4.5,15.7,10.1,6.4,1.9,0.7,15.3,14.2,11080125
90,Devin Cannady,PG,24,ORL,8,74,11.2,0.571,0.25,0,0.1,0.1,0.057,-4.4,1.3,-3.1,0,,1,0.547,0,7.3,3.5,2.1,3.3,1.2,6,19.3,11003782
91,Clint Capela,C,26,ATL,63,1898,24.3,0,0.327,4.9,3.3,8.2,0.207,2.7,-0.2,2.5,2.1,,1,0.601,17.5,34.3,26.1,4.1,1.1,6,8.4,19.9,10865952
92,Vernon Carey Jr.,C,19,CHO,19,115,11.7,0.194,0.306,0,0.1,0.2,0.066,-4.4,-1.8,-6.2,-0.1,,1,0.563,5.6,20.1,12.7,2.6,0.4,4.3,10.9,17.2,10865952
93,Jevon Carter,PG,25,PHO,60,717,12.2,0.677,0.031,0.7,0.8,1.6,0.104,-0.6,1.1,0.5,0.5,,1,0.548,2.6,11.8,7.3,13,2,1.1,6.6,15,10500000
94,Wendell Carter Jr.,C,21,TOT,54,1375,16.7,0.112,0.392,1.7,1.7,3.4,0.118,-1,-0.5,-1.5,0.1,,0.5,0.566,10.2,24.6,17.4,11.2,1.2,2.7,12.7,19.3,10375678
94,Wendell Carter Jr.,C,21,CHI,32,792,16.3,0.087,0.44,1.1,1,2.1,0.13,-1.3,-0.1,-1.4,0.1,,0.3,0.578,9.9,24.9,17.5,12.3,1.1,2.6,14,19.1,10363637
94,Wendell Carter Jr.,C,21,ORL,22,583,17.3,0.141,0.332,0.6,0.7,1.2,0.103,-0.7,-1.1,-1.8,0,,0.2,0.549,10.7,24.1,17.2,9.7,1.4,2.8,11,19.5,10245480
95,Michael Carter-Williams,SG,29,ORL,31,800,9.5,0.226,0.296,-1.1,0.6,-0.5,-0.028,-4.5,-0.1,-4.6,-0.5,,1,0.449,4.9,13.4,9,24.3,1.5,1.9,18.4,20.2,10047450
96,Alex Caruso,PG,26,LAL,58,1216,11.1,0.449,0.249,0.3,2.1,2.4,0.095,-2.5,2.3,-0.2,0.6,,1,0.547,2.9,12.8,7.9,18.1,2.6,1.1,18.3,14.8,10018200
97,Willie Cauley-Stein,C,27,DAL,53,906,14.3,0.06,0.429,1.6,1.2,2.8,0.147,-2.2,0.6,-1.6,0.1,,1,0.647,8.1,20.5,14.3,5.3,1.1,4.4,11.8,12,10000000
98,Chris Chiozza,PG,25,BRK,22,232,12.9,0.477,0.193,0.1,0.2,0.3,0.063,-0.7,-0.9,-1.6,0,,1,0.461,1.5,9.5,5.7,36.9,1.5,2.3,14.4,21,10000000
99,Marquese Chriss,PF,23,GSW,2,27,11.8,0.357,0.286,-0.1,0.1,0,-0.03,-2.2,-1,-3.2,0,,1,0.412,12,38.9,25.6,11,0,6.5,11.3,28.1,9897120
100,Gary Clark,PF,26,TOT,39,654,6,0.818,0.076,-0.3,0.4,0.1,0.008,-4,-0.9,-4.9,-0.5,,0.5,0.436,5.1,13.5,9.1,6.4,1,1,11.1,10.1,9757440
100,Gary Clark,PF,26,ORL,35,637,6.1,0.824,0.076,-0.2,0.3,0.1,0.007,-3.8,-0.9,-4.8,-0.4,,0.4,0.439,5.2,13.3,9.1,6.4,0.9,1,11.2,10.3,9720900
100,Gary Clark,PF,26,DEN,2,4,2.9,,,0,0,0,0.037,-8.5,0.3,-8.3,0,,0,,0,28.2,14.2,0,0,0,,0,9600000
100,Gary Clark,PF,26,PHI,2,13,3.8,0,0,0,0,0,0.044,-10.5,2.6,-7.9,0,,0,0,0,16.6,8.5,9,3.7,0,0,3.3,9590602
101,Brandon Clarke,PF,24,MEM,59,1415,17.3,0.156,0.228,2.2,2,4.2,0.142,0.3,1,1.3,1.2,,1,0.56,7.2,17.5,12.3,9.5,2,3.2,5.7,17.2,9571712
102,Jordan Clarkson,SG,28,UTA,68,1818,17.1,0.557,0.134,1.7,2.5,4.2,0.111,1.9,-0.8,1.1,1.4,,1,0.549,2.9,12.7,8,15.3,1.6,0.4,9.2,29.7,9505100
103,Nicolas Claxton,C,21,BRK,32,594,16.9,0.034,0.441,1,0.9,1.9,0.153,-0.8,1.1,0.3,0.3,,1,0.612,8.4,21.8,15.4,6.4,1.9,5.9,9.4,14,9400000
104,Amir Coffey,SG,23,LAC,44,394,10.1,0.544,0.369,0.4,0.3,0.7,0.085,-2.1,-0.5,-2.6,-0.1,,1,0.585,2.9,9.4,6.3,7.4,1.3,0,11.1,15.1,9258000
105,John Collins,PF,23,ATL,63,1848,20.6,0.27,0.265,4.8,1.9,6.7,0.174,2.5,-0.4,2.1,1.9,,1,0.645,7.1,20.3,13.8,6.9,0.9,3,8.9,22.2,9258000
106,Mike Conley,PG,33,UTA,51,1498,19.2,0.523,0.222,4,2.1,6.1,0.197,3.5,0.9,4.4,2.4,,1,0.589,2.7,9.6,6.3,30.6,2.3,0.5,12.4,23.1,9258000
107,Pat Connaughton,SG,28,MIL,69,1575,11.3,0.703,0.103,1.8,1.7,3.5,0.108,-0.4,0.1,-0.4,0.6,,1,0.578,4.4,17.3,11.1,6.3,1.5,1.3,7.5,11.6,9258000
108,Quinn Cook,PG,27,TOT,23,157,12.7,0.382,0.118,0.1,0.1,0.2,0.061,-1.2,-0.4,-1.5,0,,0.5,0.531,1.4,10.9,6.1,18.3,1.3,0.6,8.9,21.8,9258000
108,Quinn Cook,PG,27,LAL,16,62,13.8,0.5,0.192,0.1,0.1,0.1,0.098,-0.3,-0.8,-1.1,0,,0.3,0.585,0,9,4.5,12.5,0.8,1.4,9.6,21.9,9258000
108,Quinn Cook,PG,27,CLE,7,95,12,0.31,0.071,0,0.1,0.1,0.037,-1.7,-0.1,-1.8,0,,0.2,0.496,2.3,12.1,7.1,22.1,1.6,0,8.5,21.7,9250000
109,Tyler Cook,SF,23,TOT,32,438,12.8,0.019,0.34,0.5,0.3,0.8,0.09,-2.5,-0.5,-3,-0.1,,0.5,0.659,7,17.2,12.1,5.9,0.9,0.4,15.1,13.9,9166800
109,Tyler Cook,SF,23,BRK,4,17,1.6,0,0,0,0,0,-0.047,-5.3,-1.5,-6.8,0,,0.1,0.333,6.9,6.2,6.5,14.1,0,0,25,10.3,9000000
109,Tyler Cook,SF,23,DET,28,421,13.2,0.02,0.35,0.5,0.3,0.8,0.096,-2.4,-0.5,-2.9,-0.1,,0.4,0.667,7.1,17.6,12.3,5.6,0.9,0.4,14.8,14.1,8963640
110,DeMarcus Cousins,C,30,TOT,41,713,16.4,0.443,0.266,0,1.2,1.2,0.079,-1.2,1.9,0.7,0.5,,0.5,0.537,8,32.7,20,16.3,2.3,3,15.8,24.5,8840580
110,DeMarcus Cousins,C,30,HOU,25,506,14.9,0.552,0.281,-0.1,0.8,0.7,0.062,-1.5,1.9,0.4,0.3,,0.3,0.511,6.1,35.4,20.1,18,2,3.2,14.2,23.1,8817143
110,DeMarcus Cousins,C,30,LAC,16,207,20.3,0.2,0.232,0.1,0.4,0.5,0.119,-0.4,1.8,1.4,0.2,,0.2,0.597,12.9,25.9,19.6,12.4,3.1,2.6,19.3,27.7,8730240
111,Robert Covington,PF,30,POR,70,2243,11.2,0.699,0.122,1.4,2.4,3.7,0.08,-1.5,1.2,-0.3,1,,1,0.553,2.8,19.8,11.1,6.8,2.2,3.4,10.7,11.5,8500000
112,Torrey Craig,SF,30,TOT,50,803,14.2,0.467,0.097,1.1,1.1,2.2,0.133,-0.3,0.7,0.3,0.5,,0.5,0.579,8.1,19.1,13.7,7.9,1.7,2.9,9.6,14.3,8333333
112,Torrey Craig,SF,30,MIL,18,201,10.3,0.478,0.043,0.1,0.3,0.4,0.097,-1.9,1,-0.9,0.1,,0.2,0.48,7.1,15.1,11.2,9.5,2.1,3.1,9.6,10.8,8325000
112,Torrey Craig,SF,30,PHO,32,602,15.5,0.464,0.11,1,0.8,1.8,0.145,0.2,0.5,0.8,0.4,,0.3,0.603,8.4,20.4,14.5,7.4,1.6,2.8,9.5,15.5,8231760
113,Jae Crowder,PF,30,PHO,60,1648,11.8,0.772,0.152,1.4,1.9,3.3,0.097,0.1,0.7,0.8,1.2,,1,0.574,2.2,16.9,9.7,10,1.4,1.5,9.5,15.7,8101852
114,Jarrett Culver,SG,21,MIN,34,499,8.8,0.315,0.286,-0.4,0.3,-0.1,-0.006,-4.8,-1.8,-6.6,-0.6,,1,0.476,7.1,15.8,11.3,6.8,1.6,1.6,12.9,18.2,8099627
115,Seth Curry,SG,30,PHI,57,1638,12.9,0.507,0.139,2.3,1.7,4,0.118,-0.1,-0.8,-0.9,0.5,,1,0.607,0.7,8.3,4.6,13.6,1.3,0.4,10,17.1,8049360
116,Stephen Curry,PG,32,GSW,63,2152,26.3,0.587,0.289,6.5,2.5,9,0.201,8.1,0,8.1,5.5,,1,0.655,1.5,15.4,8.5,30.5,1.7,0.3,12.2,34.8,8000000
117,Nate Darling,SG,22,CHO,7,26,8.2,1,0.429,0,0,0,0.038,-1.5,-2.7,-4.2,0,,1,0.541,4.1,0,2.1,5.1,0,3.8,10.7,15.4,8000000
118,Anthony Davis,PF,27,LAL,36,1162,22.1,0.163,0.349,1.3,2.4,3.7,0.152,2.9,1.6,4.5,1.9,,1,0.556,6,21.5,13.8,16.4,1.9,4.5,9.5,29.2,7969537
119,Ed Davis,C,31,MIN,23,299,13.1,0,0.273,0.5,0.4,0.8,0.135,-3.5,0.7,-2.9,-0.1,,1,0.487,16.1,26,20.8,9,2.1,3.8,12.4,7.9,7839960
120,Terence Davis,SG,23,TOT,61,1074,12.7,0.586,0.121,0.1,0.8,0.8,0.038,-1,-1,-2,0,,0.5,0.555,2,14.1,7.9,11.4,2,1.2,11.6,21.8,7834449
120,Terence Davis,SG,23,TOR,34,493,11.1,0.581,0.086,-0.2,0.4,0.3,0.026,-1.8,-1.3,-3.1,-0.1,,0.3,0.537,1.9,13.2,7.4,11.6,1.7,1.4,11.7,21.6,7682926
120,Terence Davis,SG,23,SAC,27,581,14,0.589,0.15,0.2,0.3,0.6,0.047,-0.4,-0.8,-1.2,0.1,,0.2,0.57,2.1,14.9,8.4,11.3,2.2,1,11.5,21.9,7529020
121,Gabriel Deck,PF,25,OKC,10,212,16.1,0.224,0.328,0.4,0.1,0.5,0.12,-0.3,-0.1,-0.4,0.1,,1,0.548,7.8,11.9,9.8,17.3,1.8,0,7.3,16.6,7500000
122,Dewayne Dedmon,C,31,MIA,16,210,24.5,0.077,0.415,0.7,0.4,1.1,0.256,1.2,0.7,1.9,0.2,,1,0.735,15.5,31,23.4,9.6,2.1,3,14.5,19.3,7422000
123,Matthew Dellavedova,PG,30,CLE,13,224,7.3,0.446,0.071,-0.1,0.1,0,0.005,-4.6,-2,-6.6,-0.3,,1,0.312,2.9,9.2,6,35.3,0.9,0.4,9.4,12.4,7362565
124,DeMar DeRozan,PF,31,SAS,61,2056,22,0.08,0.478,5.9,1.5,7.4,0.172,3.4,-0.2,3.2,2.7,,1,0.591,2,11.6,6.7,32,1.3,0.6,9.7,26.1,7333333
125,Mamadi Diakite,PF,24,MIL,14,141,12.3,0.2,0.35,0.1,0.2,0.3,0.102,-3.2,0.4,-2.7,0,,1,0.477,6.2,18.7,12.7,7,2.3,3.8,6.1,14.6,7300000
126,Hamidou Diallo,SF,22,TOT,52,1226,14.3,0.174,0.426,0.3,1.3,1.6,0.063,-2.2,-0.1,-2.3,-0.1,,0.5,0.541,5.1,18.8,11.9,13.3,1.6,1.7,12,22.2,7257360
126,Hamidou Diallo,SF,22,OKC,32,761,15,0.138,0.444,0.3,0.8,1,0.065,-2.1,0.4,-1.7,0.1,,0.3,0.536,5,17.7,11.3,16.4,1.9,1.4,12.1,22.5,7199760
126,Hamidou Diallo,SF,22,DET,20,465,13.1,0.237,0.393,0.1,0.5,0.6,0.059,-2.4,-1,-3.4,-0.2,,0.2,0.549,5.2,20.6,12.8,8.3,1.1,2.2,11.7,21.6,7150000
127,Gorgui Dieng,C,31,TOT,38,552,19.2,0.429,0.411,1.3,0.8,2.1,0.185,1.6,1.3,3,0.7,,0.5,0.67,7.6,19.5,13.5,12,2.3,2.6,14.3,17.4,7068360
127,Gorgui Dieng,C,31,MEM,22,371,19.2,0.444,0.398,0.9,0.6,1.5,0.19,1.7,1,2.6,0.4,,0.3,0.682,7.9,20.2,14,10.6,2.2,3.4,14.8,17,7000000
127,Gorgui Dieng,C,31,SAS,16,181,19,0.4,0.436,0.4,0.2,0.7,0.175,1.6,2.1,3.7,0.3,,0.2,0.648,6.9,18,12.3,15,2.4,0.9,13.2,18.2,7000000
128,Spencer Dinwiddie,SG,27,BRK,3,64,10.1,0.438,0.375,0,0.1,0.1,0.045,-3.4,2,-1.4,0,,1,0.536,0,21.3,11.2,17.6,1.5,1.4,21.2,16.1,7000000
129,Donte DiVincenzo,SG,24,MIL,66,1814,13,0.574,0.118,1.5,2.1,3.6,0.095,-0.3,0.2,-0.1,0.9,,1,0.542,4.9,16.7,11,14.2,1.9,0.7,12.5,16.7,6930729
130,Luka Dončić,PG,21,DAL,66,2262,25.3,0.406,0.349,5.1,2.6,7.7,0.163,6.1,0.6,6.7,5,,1,0.587,2.7,22.9,12.8,44.1,1.4,1.5,15.3,36,6731508
131,Luguentz Dort,SG,21,OKC,52,1543,10.1,0.515,0.257,-0.6,1,0.3,0.011,-2.7,-1,-3.7,-0.7,,1,0.513,2.5,10.3,6.4,8.8,1.4,1.1,10,21.7,6720720
132,Damyean Dotson,SG,26,CLE,46,907,8.1,0.543,0.123,-0.4,0.3,0,-0.002,-3.3,-1.6,-4.8,-0.6,,1,0.499,0.6,11.1,5.7,15.1,0.9,0.4,12,16.9,6666667
133,Devon Dotson,PG,21,CHI,11,50,19.3,0.333,0,0.1,0.1,0.2,0.177,-0.1,2.2,2.1,0.1,,1,0.548,4.5,6.6,5.5,21.4,3.9,0,0,18.2,6571800
134,Sekou Doumbouya,PF,20,DET,56,869,6.9,0.408,0.227,-0.9,0.7,-0.2,-0.012,-5.4,-1.7,-7,-1.1,,1,0.459,4.9,13.5,9.2,8,1.4,0.9,12.4,17.8,6500000
135,PJ Dozier,SG,24,DEN,50,1088,10.4,0.42,0.186,0.1,1.1,1.1,0.051,-2.2,-0.8,-3,-0.3,,1,0.501,3.7,15.3,9.5,11.2,1.4,2,10.7,17.2,6493000
136,Goran Dragić,PG,34,MIA,50,1337,13,0.44,0.22,0.2,1.2,1.3,0.048,-1.2,-1.8,-3,-0.3,,1,0.552,2.2,12.1,7.2,25.9,1.2,0.6,16.2,24.5,6431666
137,Andre Drummond,C,27,TOT,46,1242,19.4,0.014,0.358,-0.6,2.5,2,0.077,-1.4,0.6,-0.9,0.3,,0.5,0.519,14.8,35.2,24.9,13.2,2.5,3.5,15.8,27.6,6400920
137,Andre Drummond,C,27,CLE,25,722,20.5,0.021,0.339,-0.8,1.3,0.6,0.037,-0.5,0.2,-0.3,0.3,,0.3,0.5,15.3,37.5,26.1,16.2,2.7,3.6,15.6,31.3,6176578
137,Andre Drummond,C,27,LAL,21,520,17.9,0,0.396,0.2,1.2,1.4,0.133,-2.7,1,-1.7,0,,0.2,0.554,14.1,32,23.1,9,2.2,3.4,16,22.4,6119676
138,Jared Dudley,PF,35,LAL,12,81,4.4,0.667,0,0,0.1,0.1,0.053,-4.5,-0.2,-4.7,-0.1,,1,0.333,5.6,23.5,14.6,7.6,0.6,1.1,18.2,5.9,6104280
139,Kris Dunn,PG,26,ATL,4,45,-5.7,0.167,0.333,-0.2,0.1,-0.2,-0.202,-13.9,0,-13.9,-0.1,,1,0.182,0,14.3,7.3,5.4,2.2,3.9,17.9,16.2,6000000
140,Kevin Durant,PF,32,BRK,35,1157,26.4,0.313,0.395,3.7,1.2,5,0.206,6.2,0.6,6.9,2.6,,1,0.666,1.3,21.3,11.8,27.5,1,3.4,14.5,31.2,6000000
141,Anthony Edwards,SG,19,MIN,72,2314,13.9,0.429,0.225,-0.6,1.4,0.8,0.017,-0.9,-1.7,-2.6,-0.3,,1,0.523,2.7,13.5,7.9,14.6,1.7,1.3,10.7,27,5969040
142,Carsen Edwards,SG,22,BOS,31,276,10.2,0.568,0.117,0.1,0.2,0.3,0.051,-2.9,-1.9,-4.8,-0.2,,1,0.527,1.2,9.4,5.2,7.4,1.2,0.3,5.7,19.3,5813640
143,CJ Elleby,SF,20,POR,30,192,9.4,0.515,0.227,0,0.1,0.1,0.032,-4.1,-1.5,-5.6,-0.2,,1,0.468,6,12,8.9,7.1,1.5,1.4,6.4,17.4,5720400
144,Henry Ellenson,PF,24,TOR,2,38,12.8,0.643,0.286,0.1,0,0.1,0.127,-3.1,1,-2.1,0,,1,0.476,8.4,27,17.4,18.9,0,0,0,17.9,5686677
145,Wayne Ellington,SG,33,DET,46,1012,12.2,0.814,0.104,1.3,0.5,1.9,0.088,1.3,-1.7,-0.4,0.4,,1,0.625,1.3,8.1,4.7,10.2,0.9,0.8,8.5,16.7,5635000
146,Joel Embiid,C,26,PHI,51,1585,30.3,0.171,0.61,5.6,3.2,8.8,0.266,6.2,1,7.2,3.7,,1,0.636,8,29.1,18.7,16.2,1.5,3.9,12.2,35.3,5573333
147,James Ennis,SF,30,ORL,41,986,12.5,0.428,0.358,1.3,0.7,2,0.097,-1.9,-0.2,-2.1,0,,1,0.613,4.4,13.4,8.7,9.3,1.6,0.6,11.3,13.9,5572680
148,Drew Eubanks,C,23,SAS,54,755,17.9,0.01,0.517,1.2,1.1,2.3,0.145,-1.1,1.2,0,0.4,,1,0.618,10.2,24,17,7.9,1.2,5.5,15.2,17.1,5500000
149,Dante Exum,SG,25,CLE,6,116,5.9,0.423,0.077,-0.2,0.1,-0.1,-0.025,-4.8,1.7,-3.1,0,,1,0.428,1.9,14.8,8.2,15.8,1.7,1.5,20.7,12.7,5448840
150,Tacko Fall,C,25,BOS,19,136,19.6,0,0.517,0.2,0.3,0.5,0.177,-1.5,2.6,1.1,0.1,,1,0.66,13,29.7,21.3,3.1,0.4,13.7,14.4,13.2,5406255
151,Derrick Favors,C,29,UTA,68,1039,19.7,0.008,0.329,2.9,2.2,5.1,0.237,0.2,1.8,2,1,,1,0.663,14.7,23.3,19.2,6,1.5,5.3,11.5,13,5345687
152,Cristiano Felício,C,28,CHI,18,84,14.7,0.154,1.231,0.2,0.1,0.3,0.151,-1,0.7,-0.3,0,,1,0.574,13.3,20.9,17.2,13.6,2.3,0,16.6,12.4,5307120
153,Terrance Ferguson,SG,22,PHI,13,49,-7.1,0.714,0,-0.2,0,-0.2,-0.161,-12.1,-2.7,-14.8,-0.2,,1,0.143,0,2.2,1.1,4.9,1,0,36.4,9.7,5273826
154,Bruno Fernando,C,22,ATL,33,226,6.2,0.045,0.5,-0.3,0.3,-0.1,-0.019,-6,-1,-7,-0.3,,1,0.475,7.9,29.4,18.9,5.8,0.9,1.2,28.1,14.4,5214583
155,Yogi Ferrell,PG,27,TOT,10,136,14.4,0.491,0.158,0.1,0.2,0.3,0.099,-0.8,0.2,-0.6,0,,0.5,0.459,4.1,11.4,7.8,22.9,2.5,2,4.7,20.7,5195501
155,Yogi Ferrell,PG,27,CLE,2,40,12.4,0.429,0.095,-0.1,0.1,0,-0.036,-1.9,0.4,-1.5,0,,0.1,0.434,8.2,11.5,9.8,20.9,3.7,2.2,12.1,27.1,5192307
155,Yogi Ferrell,PG,27,LAC,8,96,15.3,0.528,0.194,0.2,0.1,0.3,0.154,-0.3,0.2,-0.2,0,,0.4,0.473,2.4,11.4,7,23.7,2.1,1.9,0,18,5115492
156,Dorian Finney-Smith,PF,27,DAL,60,1921,12,0.648,0.088,2.8,1.6,4.4,0.11,0.1,-0.1,-0.1,0.9,,1,0.609,5.7,13,9.3,7.2,1.3,1.2,9,12.2,5109637
157,Malik Fitts,PF,23,LAC,3,11,2.9,0.667,0,0,0,0,0.049,-9.6,-0.6,-10.2,0,,1,0.5,0,29.8,15.3,0,0,0,0,12.1,5105160
158,Malachi Flynn,PG,22,TOR,47,928,10.9,0.494,0.165,0,0.8,0.8,0.041,-2.8,0,-2.8,-0.2,,1,0.484,1.1,13,6.9,21.4,2,0.8,10.5,19,5005350
159,Bryn Forbes,SG,27,MIL,70,1354,12.8,0.645,0.115,2,0.7,2.7,0.096,0.4,-1.8,-1.4,0.2,,1,0.631,0.9,7.6,4.3,4.5,0.8,0.1,7.3,18.5,5005350
160,Trent Forrest,PG,22,UTA,30,302,11.2,0.366,0.268,0.3,0.4,0.7,0.106,-2.9,0.7,-2.2,0,,1,0.554,4,11.1,7.7,19.9,1.5,1.1,20.9,14.3,5005350
161,Evan Fournier,SG,28,TOT,42,1259,16.7,0.523,0.253,1.8,1,2.8,0.107,1.2,-0.2,1,1,,0.5,0.598,0.8,10.2,5.4,18.6,1.8,1.4,10.8,23.1,5005350
161,Evan Fournier,SG,28,ORL,26,787,18.2,0.509,0.333,1.2,0.5,1.7,0.104,2.1,-0.8,1.3,0.6,,0.3,0.604,0.6,9.5,4.9,20.9,1.7,1,11.3,26.2,5000000
161,Evan Fournier,SG,28,BOS,16,472,14.1,0.552,0.081,0.6,0.5,1.1,0.111,-0.2,0.7,0.5,0.3,,0.2,0.584,1.2,11.4,6.3,14.9,2.1,2,9.6,18,5000000
162,De'Aaron Fox,PG,23,SAC,58,2036,20.7,0.288,0.376,3.4,0.8,4.2,0.098,2.9,-1.5,1.4,1.7,,1,0.565,1.8,9.4,5.5,32.7,2.1,1.1,11.9,31,5000000
163,Robert Franks,PF,24,ORL,7,101,16.5,0.536,0.464,0.3,0.1,0.3,0.158,0.4,-0.7,-0.3,0,,1,0.638,6,8.5,7.2,7.4,1.4,2.7,5.6,15.3,4991880
164,Tim Frazier,PG,30,MEM,5,62,-0.5,0.4,0.3,-0.3,0.1,-0.2,-0.169,-10.8,-2,-12.9,-0.2,,1,0.177,0,13.8,6.8,30.8,1.5,1.5,15,18.1,4938273
165,Markelle Fultz,PG,22,ORL,8,215,12,0.154,0.183,-0.3,0.1,-0.1,-0.024,-2.9,-1.7,-4.6,-0.1,,1,0.458,2.3,10,6,33.1,1.8,0.8,13.8,26.2,4862040
166,Wenyen Gabriel,PF,23,NOP,21,241,9.8,0.533,0.283,0,0.3,0.3,0.052,-3.2,-0.1,-3.3,-0.1,,1,0.533,9,15.3,12.2,5.9,1.8,3.1,18.2,14.4,4821429
167,Daniel Gafford,C,22,TOT,54,791,22.2,0,0.48,2.1,1.3,3.5,0.209,0.9,1.6,2.5,0.9,,0.5,0.697,12.9,18.6,15.8,5.3,1.5,8.1,13.1,16.7,4767000
167,Daniel Gafford,C,22,CHI,31,383,18.8,0,0.471,0.8,0.6,1.5,0.182,-0.9,1.4,0.5,0.2,,0.3,0.7,12.9,16.9,14.9,6.2,1.4,7.7,17.3,14.4,4767000
167,Daniel Gafford,C,22,WAS,23,408,25.4,0,0.486,1.3,0.7,2,0.235,2.6,1.7,4.4,0.7,,0.2,0.696,13,20.2,16.6,4.4,1.7,8.4,10.2,18.9,4767000
168,Danilo Gallinari,PF,32,ATL,51,1222,16.3,0.535,0.366,2.7,1,3.7,0.146,1.6,-0.8,0.9,0.9,,1,0.613,1.6,17,9.5,9.2,1.2,0.7,7.2,21.2,4767000
169,Langston Galloway,SG,29,PHO,40,438,12.1,0.578,0.156,0.6,0.3,0.9,0.096,-0.2,-1.2,-1.4,0.1,,1,0.605,1.8,8.9,5.4,8,0.9,0,7.6,17.3,4692840
170,Darius Garland,PG,21,CLE,54,1790,14.2,0.332,0.165,0.3,0.9,1.2,0.033,0.2,-1.8,-1.6,0.1,,1,0.547,1.4,6.8,4,30.9,1.8,0.3,16,24.9,4642800
171,Marc Gasol,C,36,LAL,52,993,12.2,0.629,0.258,0.8,1.9,2.8,0.133,-1.2,3.3,2.1,1,,1,0.606,4.3,19.9,12.2,14.7,1.3,5.2,19.7,11.8,4588680
172,Rudy Gay,PF,34,SAS,63,1358,14.7,0.443,0.162,0,1.7,1.7,0.059,-0.1,-0.2,-0.3,0.6,,1,0.532,3.2,20.9,11.9,9.7,1.6,2.5,8.8,23.6,4548280
173,Paul George,SF,30,LAC,54,1821,20.5,0.437,0.239,3,2.3,5.3,0.139,4,-0.4,3.7,2.6,,1,0.598,2.9,18.9,11.1,24.6,1.7,1.2,14.5,30,4469160
174,Taj Gibson,PF,35,NYK,45,936,16,0.095,0.348,2.1,1.7,3.8,0.195,-0.8,2.2,1.4,0.8,,1,0.661,11.6,17.3,14.5,5.4,1.7,5,10.8,9.7,4458000
175,Harry Giles,C,22,POR,38,348,12.4,0.237,0.278,0.1,0.4,0.5,0.069,-3.4,-0.2,-3.6,-0.1,,1,0.496,9.3,32.2,20.4,11.3,1.1,3.3,15.5,15.9,4431423
176,Shai Gilgeous-Alexander,SG,22,OKC,35,1180,21.6,0.301,0.405,2.7,0.8,3.5,0.143,3.8,0,3.8,1.7,,1,0.623,1.7,13.1,7.3,31.2,1.1,1.7,13.7,27.8,4359000
177,Anthony Gill,PF,28,WAS,26,218,13.7,0.4,0.267,0.3,0.3,0.6,0.123,-1.4,0.2,-1.2,0,,1,0.597,7.8,17,12.4,6.7,2.1,1.5,10.7,14.2,4245720
178,Freddie Gillespie,PF,23,TOR,20,392,13.4,0,0.393,0.5,0.5,0.9,0.116,-3.1,-0.1,-3.2,-0.1,,1,0.563,11.4,16,13.6,3.2,1.6,5.1,10.9,12.2,4235160
179,Rudy Gobert,C,28,UTA,71,2187,23.5,0.007,0.646,6.1,5.2,11.3,0.248,2,2.5,4.5,3.6,,1,0.683,12.2,33.5,23.3,6,0.9,7,13.7,17,4200000
180,Brandon Goodwin,PG,25,ATL,47,620,9.2,0.462,0.193,-0.2,0.4,0.2,0.013,-2.7,-0.8,-3.5,-0.2,,1,0.471,1.4,10.6,6.1,21.6,1.3,0,13,19.5,4200000
181,Aaron Gordon,PF,25,TOT,50,1384,14.5,0.353,0.299,0.7,1.2,1.9,0.066,0.2,-0.2,0,0.7,,0.5,0.547,6,16.4,11.1,17.8,1.2,2.3,14.7,20.7,4141320
181,Aaron Gordon,PF,25,ORL,25,736,14.9,0.382,0.358,0,0.6,0.6,0.037,0.6,0,0.6,0.5,,0.3,0.537,5.3,18.5,11.7,23,1.1,2.5,16.5,23.8,4137302
181,Aaron Gordon,PF,25,DEN,25,648,14.1,0.311,0.214,0.7,0.6,1.3,0.099,-0.1,-0.5,-0.6,0.2,,0.3,0.564,6.7,13.9,10.3,11.8,1.3,2.1,11.7,17.2,4100000
182,Eric Gordon,SG,32,HOU,27,789,14.4,0.572,0.311,0.6,0.2,0.8,0.048,0.9,-1.5,-0.6,0.3,,1,0.577,1,7.1,3.9,14.6,0.8,1.5,10.9,25.2,4033440
183,Devonte' Graham,PG,25,CHO,55,1659,14.6,0.713,0.236,2.5,0.9,3.4,0.099,1.6,-1.1,0.5,1,,1,0.552,1.4,8.4,4.8,26.3,1.4,0.4,10.2,21.4,4023600
184,Jerami Grant,SF,26,DET,54,1829,16.9,0.353,0.368,1.6,1.6,3.2,0.083,2,-1.2,0.9,1.3,,1,0.556,2.1,13.2,7.6,14.3,0.9,2.8,9.1,28.5,4000000
185,Danny Green,SF,33,PHI,69,1934,12.1,0.794,0.074,1.6,3.1,4.6,0.115,0.2,1.2,1.5,1.7,,1,0.582,3.2,11.5,7.4,8.3,2.3,2.6,10.7,14,4000000
186,Draymond Green,PF,30,GSW,63,1982,13.3,0.332,0.232,1.2,3.4,4.6,0.112,-1.7,3.3,1.5,1.8,,1,0.53,3,20.9,12.1,36.4,2.5,2.3,31,13.1,3970648
187,JaMychal Green,PF,30,DEN,58,1120,13.6,0.529,0.152,1.4,1.2,2.6,0.11,-0.4,-1.6,-2,0,,1,0.59,8.6,19.4,14,6.4,1.1,1.9,11.7,17.6,3944013
188,Javonte Green,PG,27,TOT,41,473,12.1,0.294,0.392,0.5,0.6,1.1,0.107,-2.2,1.5,-0.8,0.2,,0.5,0.61,6.1,10.6,8.3,4.8,2.9,1.1,13.7,12.6,3934320
188,Javonte Green,PG,27,BOS,25,345,11.8,0.31,0.423,0.4,0.3,0.8,0.105,-1.7,0.8,-0.9,0.1,,0.3,0.624,6.4,10.4,8.4,4.3,2.5,0.5,13.4,12.1,3929049
188,Javonte Green,PG,27,CHI,16,128,13.1,0.258,0.323,0.1,0.2,0.3,0.114,-3.6,3.2,-0.4,0.1,,0.2,0.579,5.3,11.1,8.2,6.1,3.8,2.7,14.5,14,3925000
189,Jeff Green,C,34,BRK,68,1835,13,0.472,0.304,2.9,1.2,4.1,0.107,0,-1,-1,0.5,,1,0.624,2.2,13.1,7.9,7.8,0.9,1.3,8.2,15.6,3909902
190,Josh Green,SG,20,DAL,39,445,8.8,0.269,0.247,0.1,0.4,0.5,0.05,-3.6,0,-3.7,-0.2,,1,0.49,7,12.3,9.7,8.3,1.8,0.6,14.2,11.9,3897436
191,Blake Griffin,PF,31,TOT,46,1186,12.9,0.499,0.285,0.9,1.1,2,0.081,-0.6,-0.4,-1,0.3,,0.5,0.546,3.4,17.4,10.5,17,1.3,1.1,11.8,19.3,3872215
191,Blake Griffin,PF,31,DET,20,626,9.8,0.559,0.279,-0.2,0.5,0.3,0.026,-1.5,-1.1,-2.6,-0.1,,0.2,0.491,1.2,17.4,9.2,18.4,1.1,0.3,11.4,19.6,3870370
191,Blake Griffin,PF,31,BRK,26,560,16.3,0.429,0.291,1.1,0.6,1.7,0.142,0.3,0.3,0.6,0.4,,0.3,0.61,5.8,17.5,11.9,15.5,1.6,2,12.3,18.9,3831840
192,Kyle Guy,PG,23,SAC,31,235,8.5,0.523,0.227,-0.1,0.1,-0.1,-0.015,-4,-2.3,-6.4,-0.3,,1,0.449,2.3,14.4,8.3,17.9,1.2,0,10.2,19.7,3822240
193,Rui Hachimura,PF,22,WAS,57,1797,11.4,0.211,0.248,0.7,1.4,2.1,0.056,-2,-1.4,-3.5,-0.7,,1,0.549,2.9,15.5,9.2,6.3,1.1,0.3,8.6,18.1,3814771
194,Ashton Hagans,PG,21,MIN,2,4,-12.4,,,0,0,0,-0.353,-13.8,-7.9,-21.7,0,,1,,0,0,0,0,0,0,100,10.5,3804150
195,Tyrese Haliburton,PG,20,SAC,58,1746,16.2,0.478,0.09,2.8,0.7,3.5,0.096,1.9,-0.9,1.1,1.4,,1,0.585,2.4,8.6,5.5,24.6,2.1,1.4,12.5,18.1,3761085
196,Donta Hall,PF,23,ORL,13,179,22.3,0,0.971,0.6,0.2,0.8,0.223,0.9,1.2,2.2,0.2,,1,0.731,13.5,22.8,18,9.4,1.4,5.1,13.8,14,3737520
197,Josh Hall,SF,20,OKC,21,336,1,0.374,0.444,-1.1,0.2,-0.9,-0.126,-9.7,-2.4,-12.1,-0.9,,1,0.363,1.8,16.6,9.1,11.6,0.6,0.3,17.4,18.1,3717000
198,R.J. Hampton,SG,19,TOT,51,888,11.1,0.278,0.262,-0.3,0.7,0.4,0.021,-2.9,-0.9,-3.8,-0.4,,0.5,0.507,3.4,18.4,10.7,15.2,1.2,1,13.2,19.6,3640200
198,R.J. Hampton,SG,19,DEN,25,233,7.7,0.3,0.2,-0.1,0.2,0.1,0.03,-4.5,-1,-5.6,-0.2,,0.2,0.49,4.9,19.4,12.2,7.7,1.1,0.8,14.4,14.3,3631200
198,R.J. Hampton,SG,19,ORL,26,655,12.3,0.273,0.277,-0.2,0.5,0.2,0.018,-2.3,-0.9,-3.2,-0.2,,0.3,0.511,2.9,18,10.2,17.8,1.2,1.1,12.9,21.5,3623000
199,Tim Hardaway Jr.,SG,28,DAL,70,1985,15.7,0.581,0.191,3.2,1.2,4.3,0.105,1.9,-1.8,0.1,1.1,,1,0.589,1.1,11.5,6.4,9.8,0.8,0.5,6.1,23.4,3623000
200,James Harden,PG,31,TOT,44,1609,24.5,0.455,0.44,5.3,1.7,7,0.208,6.2,0.6,6.8,3.5,,0.5,0.618,2.5,20.6,11.9,44.4,1.6,1.8,16.8,28.4,3623000
200,James Harden,PG,31,HOU,8,290,22.4,0.533,0.444,0.8,0.2,1,0.159,5.6,-1,4.6,0.5,,0.1,0.613,1.8,13.8,7.5,46.9,1.1,1.8,17.4,28.7,3564753
200,James Harden,PG,31,BRK,36,1319,25,0.437,0.439,4.5,1.5,6,0.219,6.3,0.9,7.2,3,,0.4,0.619,2.6,22.1,12.9,43.8,1.7,1.8,16.7,28.4,3562178
201,Maurice Harkless,PF,27,TOT,37,772,8.1,0.509,0.261,0.2,0.4,0.6,0.038,-3.9,-0.2,-4,-0.4,,0.5,0.527,1.9,11.1,6.4,7.3,1.9,2.3,10.7,11.5,3550800
201,Maurice Harkless,PF,27,MIA,11,124,4.6,0.846,0.154,0,0.1,0.1,0.046,-3.5,0.5,-3,0,,0.1,0.54,1.9,10,6,7.3,0.8,3.4,17.8,6.1,3542060
201,Maurice Harkless,PF,27,SAC,26,648,8.8,0.48,0.27,0.1,0.3,0.5,0.036,-3.9,-0.3,-4.2,-0.4,,0.4,0.526,1.9,11.3,6.5,7.3,2.1,2.1,10.1,12.6,3516284
202,Jared Harper,PG,23,NYK,8,16,-10.8,0.25,1,-0.1,0,-0.1,-0.365,-16.5,-6.2,-22.8,-0.1,,1,0.26,0,13.4,6.8,7.7,0,0,34.2,24.4,3500000
203,Montrezl Harrell,C,27,LAL,69,1580,22.7,0.017,0.425,4.5,2.7,7.3,0.221,2.4,0.3,2.7,1.9,,1,0.65,11.3,19.1,15.2,7.7,1.4,2.8,9.4,21.7,3500000
204,Gary Harris,SG,26,TOT,39,1080,9.1,0.409,0.226,0.2,0.6,0.7,0.033,-2.9,-1.8,-4.7,-0.8,,0.5,0.511,2.1,5.9,4,10.3,1.3,1,8.9,16.7,3500000
204,Gary Harris,SG,26,DEN,19,581,9.3,0.481,0.192,0.4,0.4,0.8,0.065,-2.1,-1.5,-3.6,-0.2,,0.2,0.544,2.5,6.6,4.6,7.1,1.4,0.7,7.6,13.8,3500000
204,Gary Harris,SG,26,ORL,20,499,9,0.349,0.254,-0.2,0.2,0,-0.005,-3.8,-2.3,-6,-0.5,,0.3,0.485,1.6,5.2,3.3,14,1.1,1.3,9.9,20.2,3491159
205,Jalen Harris,SG,22,TOR,13,172,15.2,0.5,0.125,0.1,0.1,0.3,0.079,0.4,0.1,0.6,0.1,,1,0.632,1.9,9.9,5.8,16,2.3,0,15.6,22.6,3458400
206,Joe Harris,SF,29,BRK,69,2141,14.1,0.628,0.089,4.1,1.1,5.2,0.117,1.7,-1.5,0.2,1.2,,1,0.663,2.3,10.1,6.4,8.4,1,0.6,7.8,16.2,3449400
207,Tobias Harris,PF,28,PHI,62,2014,20,0.225,0.221,4.1,3.1,7.1,0.17,2.8,0.5,3.4,2.7,,1,0.597,3.5,19.2,11.5,17.6,1.3,2.3,9.5,23.9,3447478
208,Shaquille Harrison,SG,27,TOT,34,333,6.8,0.205,0.282,-0.2,0.4,0.2,0.03,-5.9,1.3,-4.6,-0.2,,0.5,0.416,2.4,13.7,8.1,9.5,2.5,1.5,11.1,12.9,3372840
208,Shaquille Harrison,SG,27,UTA,17,56,6.5,0.1,0.3,-0.1,0.1,0,-0.033,-6.5,-1.3,-7.9,-0.1,,0.3,0.375,5.9,10.9,8.5,21.5,1.7,0,18.1,21.3,3372826
208,Shaquille Harrison,SG,27,DEN,17,277,6.9,0.241,0.276,-0.1,0.4,0.2,0.042,-5.8,1.8,-4,-0.1,,0.3,0.431,1.6,14.3,8,7.1,2.7,1.8,8.4,11.2,3300000
209,Josh Hart,SF,25,NOP,47,1349,12.2,0.561,0.259,1.4,1.3,2.7,0.097,-1.1,0,-1.1,0.3,,1,0.566,4.3,26.1,15.2,10.6,1.4,0.8,11.3,13.5,3300000
210,Isaiah Hartenstein,C,22,TOT,46,559,17.9,0.035,0.415,0.7,0.9,1.6,0.134,-2.5,1.1,-1.4,0.1,,0.5,0.583,13,23.7,18.2,15.3,1.7,6.5,17.9,19.2,3285120
210,Isaiah Hartenstein,C,22,DEN,30,272,15.5,0,0.45,0.2,0.5,0.7,0.115,-4.2,-0.1,-4.3,-0.2,,0.3,0.543,16.7,18.7,17.7,7.5,2,7.2,18,18.7,3283684
210,Isaiah Hartenstein,C,22,CLE,16,287,20.3,0.066,0.385,0.5,0.4,0.9,0.151,-1,2.3,1.3,0.2,,0.2,0.62,9.5,28.4,18.7,22.8,1.4,5.9,17.8,19.6,3200000
211,Udonis Haslem,C,40,MIA,1,3,54.6,0,0,0,0,0,0.475,24.1,7,31.1,0,,1,1,0,37.5,19.1,0,0,0,0,30.1,3169348
212,Jaxson Hayes,C,20,NOP,60,964,19.1,0.05,0.429,2.6,1,3.5,0.176,0.6,-0.1,0.5,0.6,,1,0.675,10.4,18.6,14.5,5.2,1.2,3.7,10.5,16.2,3121080
213,Killian Hayes,PG,19,DET,26,670,5.3,0.358,0.085,-1.8,0.6,-1.1,-0.081,-6.3,-1,-7.3,-0.9,,1,0.422,1,10.6,5.7,29.7,2,1.3,28.5,19,3121080
214,Gordon Hayward,SF,30,CHO,44,1496,17.6,0.312,0.281,2.2,1.4,3.5,0.114,1.9,-0.5,1.4,1.3,,1,0.584,2.6,16.3,9.3,19.5,1.7,0.9,11,23.9,3113160
215,Juan Hernangómez,PF,25,MIN,52,900,12.1,0.562,0.324,0.6,0.5,1.1,0.06,-1.3,-2.1,-3.3,-0.3,,1,0.549,5.2,20,12.3,5.6,1,0.7,7.3,17.2,3051832
216,Willy Hernangómez,C,26,NOP,47,846,19.6,0.037,0.347,1.9,1,2.9,0.163,1.1,-1.1,-0.1,0.4,,1,0.591,15,27.8,21.4,8.5,1.2,2.6,9.9,17,3044160
217,Tyler Herro,SG,21,MIA,54,1635,13.3,0.425,0.167,0.1,1.6,1.7,0.049,-0.5,-1.1,-1.6,0.2,,1,0.543,1.8,16.7,9.4,18,1.1,1.1,11.9,23.5,3011499
218,Buddy Hield,SG,28,SAC,71,2433,12.8,0.727,0.105,1.5,0.7,2.2,0.044,0.8,-1.6,-0.8,0.7,,1,0.567,1.3,14.1,7.6,14.7,1.2,1,11.1,20.7,3000000
219,George Hill,PG,34,TOT,30,672,13.1,0.406,0.254,0.9,0.6,1.4,0.1,-0.9,-0.5,-1.4,0.1,,0.5,0.596,2.6,7.2,4.9,16,1.6,0.7,12.4,15.9,3000000
219,George Hill,PG,34,OKC,14,369,15.9,0.475,0.208,0.8,0.2,1,0.129,0.9,-0.5,0.4,0.2,,0.2,0.63,2.2,6,4.1,18.2,1.5,0.5,8.4,16.5,2964840
219,George Hill,PG,34,PHI,16,303,9.7,0.299,0.325,0,0.4,0.4,0.065,-3.2,-0.5,-3.7,-0.1,,0.3,0.545,3,8.6,5.8,13.3,1.8,0.9,17.8,15.2,2957520
220,Solomon Hill,PF,29,ATL,71,1513,6.7,0.711,0.154,0.1,1.2,1.3,0.04,-3,0.2,-2.8,-0.3,,1,0.498,3.1,12.2,7.7,6.4,1.6,0.6,11.7,10.4,2895720
221,Nate Hinton,SG,21,DAL,21,93,10.4,0.452,0.238,-0.2,0.1,0,-0.015,-4.6,0.4,-4.2,-0.1,,1,0.442,1.2,9.4,5.3,12.4,3.7,2,9.7,24.4,2893630
222,Jaylen Hoard,SF,21,OKC,19,320,13.4,0.125,0.466,0.2,0.3,0.5,0.07,-2.4,-0.2,-2.6,-0.1,,1,0.547,6.7,14.5,10.6,11.2,1.9,1.4,13.8,16.3,2844429
223,Aaron Holiday,PG,24,IND,66,1176,9.2,0.417,0.19,-0.6,0.8,0.2,0.009,-3.2,-1,-4.1,-0.6,,1,0.503,1.4,6.8,4.1,14,1.8,0.9,12.3,19.5,2824320
224,Jrue Holiday,PG,30,MIL,59,1907,20,0.344,0.165,4.3,2.2,6.6,0.165,2.8,0.7,3.5,2.6,,1,0.592,4.2,10.4,7.4,26.3,2.4,1.7,12.6,22.2,2816760
225,Justin Holiday,SG,31,IND,72,2183,10.4,0.725,0.136,1.4,1.8,3.1,0.069,-0.7,-0.4,-1.1,0.5,,1,0.571,1.6,11.1,6.4,7,1.6,1.5,7.5,14,2761920
226,Rondae Hollis-Jefferson,PF,26,POR,11,107,14.4,0.056,0.889,0.3,0.1,0.3,0.147,-1.4,0.8,-0.6,0,,1,0.539,10.7,15.4,13,15.7,0.9,3.4,7.4,10.9,2750000
227,Richaun Holmes,C,27,SAC,61,1782,20.2,0.019,0.296,4.7,1.4,6.1,0.165,0.6,-0.3,0.3,1,,1,0.669,8.8,22.7,15.7,8.3,1.1,4.6,10.3,17.5,2750000
228,Rodney Hood,SF,28,TOT,55,942,5.6,0.435,0.108,-0.7,0.3,-0.4,-0.019,-5.3,-1.8,-7.1,-1.2,,0.5,0.452,2.6,9.4,5.9,7.5,1.2,0.7,11.7,14.1,2711280
228,Rodney Hood,SF,28,POR,38,726,5,0.418,0.06,-0.7,0.2,-0.5,-0.034,-5.7,-2,-7.6,-1,,0.3,0.436,2.6,8.3,5.4,8.5,1.3,0.5,13.1,14.1,2689920
228,Rodney Hood,SF,28,TOR,17,216,7.5,0.492,0.271,0,0.1,0.1,0.029,-3.9,-1.4,-5.4,-0.2,,0.2,0.5,2.5,13.2,7.6,3.8,0.9,1.4,7,14.2,2651040
229,Al Horford,C,34,OKC,28,782,17.4,0.422,0.061,0.8,0.9,1.6,0.101,1.9,1.4,3.3,1,,1,0.538,3.8,21.4,12.5,20.1,1.5,2.9,7.3,21.6,2619207
230,Talen Horton-Tucker,SG,20,LAL,65,1304,12.9,0.268,0.264,-0.1,2.2,2.1,0.078,-2.5,1.3,-1.2,0.3,,1,0.536,2.2,12.3,7.3,20.8,2.4,1.4,16.1,21.7,2602920
231,Danuel House,SF,27,HOU,36,932,9.1,0.574,0.232,0,0.5,0.5,0.026,-2.7,-0.5,-3.1,-0.3,,1,0.525,2,13.6,7.5,10.6,1,1.5,10.7,15.3,2582160
232,Dwight Howard,C,35,PHI,69,1196,17.8,0.066,0.693,1.3,2.6,4,0.159,-2.2,0.3,-1.9,0,,1,0.61,17.8,35.3,26.7,7.2,1.2,4.7,22.1,18.2,2564753
233,Markus Howard,SG,21,DEN,37,205,6.4,0.613,0.085,-0.4,0.1,-0.3,-0.068,-5.9,-3.1,-9,-0.4,,1,0.477,0.6,11,5.8,12.6,1,0.5,14.1,27.2,2564753
234,Kevin Huerter,SG,22,ATL,69,2126,12.2,0.528,0.088,1.9,1.7,3.6,0.08,-0.7,0.1,-0.6,0.8,,1,0.541,2,9.7,6,16.3,1.9,0.7,9.4,17.2,2564753
235,Elijah Hughes,SF,22,UTA,18,64,8.4,0.767,0.133,-0.1,0.1,0,-0.013,-1.8,-1.9,-3.7,0,,1,0.488,1.7,12.7,7.5,13.4,0.8,1.3,15.9,25.4,2564753
236,De'Andre Hunter,SF,23,ATL,23,678,15.7,0.383,0.343,1.2,0.6,1.7,0.123,0.8,-0.1,0.8,0.5,,1,0.603,2.8,14.7,8.9,9.7,1.4,1.6,9.2,20.2,2564753
237,Chandler Hutchison,SF,24,TOT,25,346,6.8,0.214,0.243,-0.5,0.4,-0.1,-0.007,-5.9,-0.2,-6.1,-0.4,,0.5,0.469,1.9,22.2,12.1,6.3,1.6,1.2,14.9,16.2,2564753
237,Chandler Hutchison,SF,24,CHI,7,64,0.4,0.167,0.111,-0.2,0.1,-0.1,-0.103,-9.4,-1.5,-10.9,-0.1,,0.1,0.344,1.8,32.6,17.3,7.9,0.8,0,20.9,16.2,2564753
237,Chandler Hutchison,SF,24,WAS,18,282,8.2,0.224,0.271,-0.2,0.3,0.1,0.014,-5.1,0.1,-5,-0.2,,0.4,0.494,1.9,19.9,10.9,6,1.8,1.5,13.6,16.2,2545320
238,Serge Ibaka,C,31,LAC,41,955,18.2,0.315,0.145,1.7,1.3,3,0.15,1.3,-0.5,0.8,0.7,,1,0.585,8.9,23.1,16.2,11.5,0.5,4.4,10.2,20.1,2498760
239,Andre Iguodala,SF,37,MIA,63,1339,9.2,0.734,0.153,-0.1,1.8,1.7,0.062,-2.5,1.8,-0.7,0.4,,1,0.519,3.3,15.4,9.4,14.3,2.1,2.7,20.2,11.2,2478840
240,Ersan İlyasova,PF,33,UTA,17,148,12.1,0.759,0.093,0.1,0.3,0.4,0.122,-2.7,1.5,-1.2,0,,1,0.578,5.3,15.1,10.4,3.8,3.3,1.6,12.5,18.7,2443440
241,Joe Ingles,SF,33,UTA,67,1867,15.9,0.722,0.16,4.7,2.3,7,0.18,2.7,0.7,3.4,2.5,,1,0.672,1.6,11.8,6.9,24,1.2,0.5,16.3,16.6,2432353
242,Brandon Ingram,SF,23,NOP,61,2093,19.2,0.341,0.291,3.9,1.3,5.3,0.12,3.6,-1.4,2.2,2.2,,1,0.584,1.8,13.7,7.8,22.4,1,1.6,11,28,2399160
243,Kyrie Irving,PG,28,BRK,54,1886,24.4,0.348,0.201,5.8,1.6,7.4,0.189,5.7,-0.4,5.3,3.5,,1,0.614,3.2,11.4,7.5,28.6,1.9,1.7,9.9,30.4,2383915
244,Wesley Iwundu,SF,26,TOT,41,539,4.3,0.402,0.304,-0.5,0.4,0,-0.003,-6.1,-0.4,-6.6,-0.6,,0.5,0.428,3,15.2,9.1,4.2,1.4,0.7,14.1,10.8,2379840
244,Wesley Iwundu,SF,26,DAL,23,288,4.9,0.442,0.269,-0.2,0.3,0.1,0.015,-5.6,0.4,-5.1,-0.2,,0.3,0.421,2.3,14.4,8.4,4.4,1.5,1,9.4,9.9,2345640
244,Wesley Iwundu,SF,26,NOP,18,251,3.7,0.36,0.34,-0.3,0.2,-0.1,-0.025,-6.8,-1.5,-8.2,-0.4,,0.2,0.435,3.9,16,9.9,3.9,1.1,0.4,18.4,11.8,2337145
245,Frank Jackson,PG,22,DET,40,738,13.3,0.512,0.256,0.7,0.4,1.2,0.076,-0.4,-1.6,-2.1,0,,1,0.598,2.2,10.8,6.5,7.9,1,0.1,9.4,21.3,2331593
246,Jaren Jackson Jr.,C,21,MEM,11,258,18,0.48,0.336,0.2,0.5,0.7,0.123,-0.7,0.6,-0.1,0.1,,1,0.551,6.9,18.7,12.7,6.8,2.2,6.3,9.5,25.9,2331593
247,Josh Jackson,SG,23,DET,62,1560,12,0.364,0.308,-1.6,1.7,0.1,0.004,-2.4,-0.8,-3.3,-0.5,,1,0.516,4,14.2,9.1,15.1,1.7,2.6,15,26.5,2331593
248,Justin Jackson,SF,25,TOT,34,577,10.4,0.529,0.167,-0.1,0.3,0.2,0.018,-2.1,-1.1,-3.2,-0.2,,0.5,0.516,2.9,11.1,6.9,13.9,1.2,0.3,11.9,19.8,2320044
248,Justin Jackson,SF,25,OKC,33,544,10.7,0.524,0.165,-0.1,0.3,0.2,0.019,-2,-1,-2.9,-0.1,,0.5,0.519,2.6,11,6.8,14.5,1.3,0.3,12,20.2,2320044
248,Justin Jackson,SF,25,MIL,1,33,5.8,0.667,0.222,0,0,0,0.006,-4.5,-3.9,-8.4,-0.1,,0,0.455,6.6,12.3,9.6,3.6,0,0,9.2,13.8,2303040
249,Reggie Jackson,SG,30,LAC,67,1544,14.2,0.482,0.14,2.3,1.4,3.7,0.115,0.5,-0.5,0.1,0.8,,1,0.576,1.8,11.9,7,19,1.3,0.4,10.6,19.9,2283034
250,Justin James,SF,24,SAC,36,310,11.3,0.342,0.324,0.1,0,0.1,0.02,-2.2,-2.3,-4.5,-0.2,,1,0.548,3.2,7.6,5.4,9.9,1.2,0.8,10.6,19.7,2252040
251,LeBron James,PG,36,LAL,45,1504,24.2,0.346,0.31,3,2.6,5.6,0.179,5.9,1.6,7.5,3.6,,1,0.602,2.2,23.6,12.9,41.8,1.6,1.5,15.2,31.9,2250000
252,Mike James,PG,30,BRK,13,236,11.9,0.337,0.293,0,0.1,0.1,0.028,-2.3,-2.2,-4.5,-0.2,,1,0.481,1.5,12.9,7.5,30.6,1.2,0.4,16.1,22.9,2250000
253,DaQuan Jeffries,SG,23,TOT,31,493,7.9,0.558,0.067,0,0.2,0.3,0.027,-3.8,-1.2,-5,-0.4,,0.5,0.514,4.1,11.8,7.8,6.1,1.4,1.8,10.2,11.9,2245400
253,DaQuan Jeffries,SG,23,SAC,18,232,7.2,0.491,0.123,0,0.1,0,0.008,-3.9,-1.8,-5.6,-0.2,,0.3,0.524,4.2,9.7,6.9,3.3,1.4,1.5,11.8,12.6,2210640
253,DaQuan Jeffries,SG,23,HOU,13,261,8.5,0.619,0.016,0.1,0.2,0.2,0.043,-3.8,-0.6,-4.4,-0.2,,0.2,0.504,3.9,13.6,8.6,8.6,1.5,2.1,8.6,11.3,2193480
254,Ty Jerome,SG,23,OKC,33,788,13.4,0.585,0.118,0.9,0.4,1.3,0.079,0.1,-0.4,-0.3,0.3,,1,0.585,1.3,10.8,6,23.7,1.2,0.7,13.5,18.8,2174318
255,Isaiah Joe,SG,21,PHI,41,383,9.5,0.797,0.18,0.2,0.4,0.6,0.078,-2.2,-1.3,-3.5,-0.1,,1,0.533,1.8,8.5,5.2,7.2,1.5,0.9,7.1,17.4,2174318
256,Alize Johnson,PF,24,BRK,18,189,23.5,0.088,0.191,0.6,0.3,0.9,0.227,2.4,0.2,2.6,0.2,,1,0.638,16.6,35,26.3,10.9,1.3,2.3,10.9,19.1,2160000
257,Cameron Johnson,PF,24,PHO,60,1437,11.8,0.694,0.122,1.2,1.4,2.6,0.086,0,-0.6,-0.6,0.5,,1,0.563,2.6,12.9,7.9,8,1.3,1,7.3,17,2141713
258,James Johnson,PF,33,TOT,51,1043,11.4,0.367,0.232,-0.1,1.3,1.2,0.055,-2.6,1.1,-1.5,0.1,,0.5,0.51,3.4,15.1,9.3,12.9,2,3.8,13.2,17.1,2137440
258,James Johnson,PF,33,DAL,29,504,12.2,0.414,0.2,0,0.7,0.8,0.073,-2.1,2.2,0.1,0.3,,0.3,0.526,3.1,15.6,9.4,13.7,2.3,4.2,14.6,16.2,2105520
258,James Johnson,PF,33,NOP,22,539,10.6,0.33,0.258,-0.1,0.5,0.4,0.039,-3.2,0.1,-3.1,-0.1,,0.2,0.498,3.6,14.7,9.2,12.2,1.6,3.3,12.1,18,2100000
259,Keldon Johnson,SF,21,SAS,69,1968,13.8,0.257,0.278,1.6,1.7,3.3,0.079,-0.8,-1.1,-1.9,0,,1,0.557,4.9,17.6,11.1,8.9,1,1,9,19.2,2090040
260,Stanley Johnson,PF,24,TOR,61,1006,8.8,0.588,0.236,-0.1,1.1,1,0.048,-3.6,1,-2.6,-0.1,,1,0.519,3.1,14.1,8.4,12,2.5,1.8,17.4,13.4,2063280
261,Tyler Johnson,SG,28,BRK,39,684,8.2,0.721,0.115,0.4,0.3,0.7,0.049,-2.5,-1.3,-3.8,-0.3,,1,0.546,1,10.9,6.2,8.7,1,0,8.1,13.3,2058240
262,Nikola Jokić,C,25,DEN,72,2488,31.3,0.183,0.305,12.2,3.4,15.6,0.301,9.2,2.5,11.7,8.6,,1,0.647,9.4,26.1,17.8,40.4,1.9,1.9,13.1,29.6,2048040
263,Damian Jones,C,25,TOT,39,547,14.6,0.049,0.563,1,0.5,1.6,0.138,-2.2,0.9,-1.4,0.1,,0.5,0.712,7.3,17.4,12.3,7,1,4.6,16.8,12.3,2035800
263,Damian Jones,C,25,PHO,14,94,6.7,0.063,0.688,0,0.1,0.1,0.043,-7.2,1.1,-6.1,-0.1,,0.2,0.528,8.6,13,10.9,5.3,0.5,4.8,22.4,12.7,2029920
263,Damian Jones,C,25,LAL,8,112,17.1,0,0.706,0.4,0.2,0.5,0.235,-1.6,1.8,0.2,0.1,,0.1,0.965,8.1,18,13,1.3,0.4,5.6,18.3,10.6,2028594
263,Damian Jones,C,25,SAC,17,341,15.9,0.057,0.5,0.7,0.2,0.9,0.132,-1.1,0.5,-0.6,0.1,,0.2,0.691,6.7,18.5,12.5,9.4,1.3,4.2,14.9,12.7,2028594
264,Derrick Jones Jr.,SF,23,POR,58,1318,11.9,0.447,0.299,1.6,0.8,2.4,0.089,-1.6,-0.3,-1.9,0.1,,1,0.576,6.1,10.7,8.3,4.8,1.4,3.7,8.5,12.3,2028594
265,Mason Jones,SG,22,TOT,32,334,12.1,0.537,0.52,0,0.2,0.2,0.028,-1.2,-1.2,-2.4,0,,0.5,0.556,2.2,16,8.8,18.9,1,0.3,16.1,23,2018458
265,Mason Jones,SG,22,HOU,26,307,11.1,0.561,0.5,-0.1,0.1,0,0.007,-1.7,-1.3,-3,-0.1,,0.4,0.546,1.3,17,8.9,19.1,0.9,0.3,16.8,23.1,2017320
265,Mason Jones,SG,22,PHI,6,27,23.5,0.222,0.778,0.1,0,0.2,0.27,4,0.1,4.2,0,,0.1,0.662,12.5,4,8.2,16.6,1.8,0,7.6,20.8,2007058
266,Tre Jones,PG,21,SAS,37,269,12.1,0.064,0.244,0.2,0.1,0.4,0.066,-2.2,-1.2,-3.4,-0.1,,1,0.544,3.1,5.2,4.2,20,1.4,0,13.1,16.1,2002800
267,Tyus Jones,PG,24,MEM,70,1222,15,0.339,0.109,1.5,1.3,2.8,0.11,-0.2,0.6,0.4,0.8,,1,0.511,1.8,10.4,6.1,28.6,2.5,0.4,10,16.6,2000000
268,DeAndre Jordan,C,32,BRK,57,1246,17.1,0.004,0.369,2.4,1.5,3.9,0.152,0,0.7,0.7,0.8,,1,0.736,10.9,26.1,18.9,10.1,0.7,4.6,22.7,13.1,2000000
269,Cory Joseph,PG,29,TOT,63,1446,12.5,0.31,0.207,1.3,0.8,2.1,0.069,-1.9,-0.3,-2.1,-0.1,,0.5,0.556,2.7,9.7,6.1,21.4,2,1.1,14.5,16.3,2000000
269,Cory Joseph,PG,29,SAC,44,944,9.9,0.376,0.188,0.4,0.3,0.7,0.037,-3,-0.6,-3.7,-0.4,,0.3,0.534,2.9,8.8,5.8,14.9,2,0.8,14,14.3,1988280
269,Cory Joseph,PG,29,DET,19,502,17.3,0.216,0.233,0.8,0.5,1.4,0.13,0.3,0.5,0.8,0.4,,0.2,0.588,2.2,11.2,6.6,33.7,2.1,1.6,15.3,19.9,1981649
270,Mfiondu Kabengele,PF,23,TOT,39,280,9.5,0.562,0.225,-0.2,0.3,0.2,0.026,-4.5,0,-4.5,-0.2,,0.5,0.486,4.7,19.4,12,8.7,1.4,4.1,13.3,17.7,1977011
270,Mfiondu Kabengele,PF,23,LAC,23,94,1.4,0.563,0.188,-0.3,0.1,-0.1,-0.075,-9.2,-1.7,-10.9,-0.2,,0.3,0.39,1.2,15.1,8.4,6.9,1.1,2.8,14.8,19.2,1977011
270,Mfiondu Kabengele,PF,23,CLE,16,186,13.7,0.561,0.246,0.1,0.2,0.3,0.078,-2.2,0.8,-1.3,0,,0.2,0.538,6.5,21.6,13.8,9.7,1.6,4.8,12.5,16.9,1977000
271,Frank Kaminsky,C,27,PHO,47,715,15.8,0.331,0.233,1.1,0.9,2,0.133,0.3,0.8,1.1,0.6,,1,0.547,5.8,23.7,14.9,15.3,1,2.1,7.2,19,1964760
272,Enes Kanter,C,28,POR,72,1758,22.4,0.007,0.292,5.7,1.7,7.5,0.204,2,-1.8,0.2,1,,1,0.636,16.8,31.9,24.2,7.2,0.9,2.4,11,17.4,1950600
273,Luke Kennard,SG,24,LAC,63,1232,12.7,0.541,0.075,1.6,1.1,2.7,0.105,0.3,-1,-0.6,0.4,,1,0.608,1.4,13,7.3,11.9,0.9,0.7,10.1,17.1,1936440
274,Louis King,SF,21,SAC,6,85,21.2,0.324,0.176,0.2,0.1,0.3,0.16,2.3,2.7,5,0.2,,1,0.6,6.4,17.2,11.8,15.4,4,3,9.8,20.6,1900000
275,Maxi Kleber,PF,29,DAL,50,1341,10.6,0.771,0.135,1.6,1.3,2.9,0.103,-0.6,0,-0.7,0.5,,1,0.606,3.9,17.4,10.7,6.6,0.9,2.4,9.3,10.6,1882867
276,Nathan Knight,PF,23,ATL,33,279,13.9,0.33,0.55,0.1,0.3,0.4,0.07,-2.2,-1.5,-3.8,-0.1,,1,0.499,10.8,17.3,14.1,4,1.6,3.2,10.8,21.7,1882867
277,Kevin Knox,SF,21,NYK,42,464,9.1,0.622,0.14,0,0.6,0.6,0.065,-1.5,-0.2,-1.7,0,,1,0.537,2.4,11.8,7.1,5.9,1.3,1.2,10.1,16.2,1882867
278,John Konchar,SG,24,MEM,43,575,14.8,0.406,0.217,0.9,0.8,1.7,0.145,-0.4,1.3,0.9,0.4,,1,0.608,6.4,17.3,11.8,10.7,2.5,1.4,10.6,12.4,1865546
279,Furkan Korkmaz,SG,23,PHI,55,1062,12.8,0.634,0.193,0.6,1.5,2,0.092,-0.3,0.1,-0.3,0.5,,1,0.544,1.8,9.8,5.9,11.1,2.2,0.8,9.1,20.5,1824003
280,Luke Kornet,C,25,TOT,31,348,13.3,0.584,0.059,0.2,0.5,0.7,0.095,-0.7,1.3,0.6,0.2,,0.5,0.511,4.4,17,10.7,9.5,0.6,8.5,6.3,13.7,1824003
280,Luke Kornet,C,25,CHI,13,94,9.8,0.852,0.148,0,0.1,0.1,0.047,-0.3,0.8,0.5,0.1,,0.2,0.452,1.2,16.3,8.8,5.5,1,6.5,3.4,13.7,1824003
280,Luke Kornet,C,25,BOS,18,254,14.5,0.486,0.027,0.3,0.3,0.6,0.113,-0.9,1.5,0.6,0.2,,0.3,0.534,5.7,17.2,11.4,10.9,0.4,9.2,7.4,13.7,1783557
281,Rodions Kurucs,SF,22,TOT,21,125,6.3,0.656,0.125,-0.3,0.2,-0.1,-0.041,-7,2.5,-4.6,-0.1,,0.5,0.459,4.3,15.4,9.8,10.3,3.4,2.9,27.8,15.9,1780152
281,Rodions Kurucs,SF,22,BRK,5,16,7.7,0.667,0,0,0,0,0.082,-1.2,0.4,-0.8,0,,0.1,0.5,0,19.7,10.4,15.1,0,0,0,8.2,1762796
281,Rodions Kurucs,SF,22,HOU,11,75,0.8,0.714,0.095,-0.4,0.1,-0.3,-0.176,-10.4,2.1,-8.3,-0.1,,0.3,0.297,2.7,13.4,7.8,7.1,3.8,4.8,29.1,17.5,1762796
281,Rodions Kurucs,SF,22,MIL,5,34,17.9,0.5,0.25,0.1,0.1,0.1,0.199,-2.3,4.3,2,0,,0.1,0.845,9.6,17.9,13.9,15,4.1,0,31.1,15.9,1762796
282,Kyle Kuzma,SF,25,LAL,68,1954,12.7,0.502,0.128,0.4,2.9,3.3,0.08,-0.3,-0.4,-0.7,0.6,,1,0.546,6.3,17.7,12,9.8,0.9,1.9,12.4,20.3,1762796
283,Anthony Lamb,SF,23,HOU,24,415,8.7,0.602,0.178,0.1,0.1,0.2,0.023,-3.5,-2.3,-5.8,-0.4,,1,0.523,6.7,11.5,9,7.9,0.7,1.1,13,15,1752950
284,Jeremy Lamb,SG,28,IND,36,765,15.8,0.464,0.272,1.2,0.9,2.1,0.132,0.9,0.4,1.3,0.6,,1,0.587,3.6,14.9,9.3,9.4,2.1,2.4,6.6,18.4,1752950
285,Romeo Langford,SG,21,BOS,18,283,5.1,0.305,0.203,-0.2,0.2,0,0.003,-4.9,0,-5,-0.2,,1,0.436,4.7,9.1,6.9,5.9,1,1.7,13.5,11.3,1737145
286,Zach LaVine,SG,25,CHI,58,2034,21.5,0.425,0.265,4,1.8,5.9,0.138,4.8,-1.1,3.7,2.9,,1,0.634,2,13.6,7.9,23.4,1.1,1.2,13.9,31,1737145
287,Jake Layman,SF,26,MIN,45,627,11.4,0.424,0.201,0.2,0.5,0.7,0.051,-2.6,-0.1,-2.7,-0.1,,1,0.577,2.2,9.7,5.8,6.4,2.2,2.6,11.5,15.1,1737145
288,T.J. Leaf,PF,23,POR,7,35,11.2,0,0.2,0,0,0,0.022,-4.3,1.2,-3.2,0,,1,0.551,0,15.7,7.6,4,2.8,2.6,15.5,15.8,1737145
289,Jalen Lecque,PG,20,IND,4,12,4.7,0.111,0.333,-0.1,0,-0.1,-0.232,-6.3,-6.8,-13.1,0,,1,0.242,18.2,27,22.6,20.6,0,0,0,36.6,1723707
290,Damion Lee,SG,28,GSW,57,1079,11.8,0.708,0.161,1.4,1.3,2.7,0.119,-0.8,0.5,-0.3,0.5,,1,0.636,2.2,15.4,8.9,9.1,1.7,0.7,9.3,12.8,1717981
291,Saben Lee,PG,21,DET,48,781,13.8,0.11,0.424,0.7,0.8,1.5,0.091,-2.2,0.3,-1.9,0,,1,0.536,2.8,11.1,6.9,33.2,2,1.5,18.1,17,1701593
292,Alex Len,C,27,TOT,64,979,16.4,0.09,0.417,1.5,1.3,2.7,0.133,-1.2,0.6,-0.6,0.3,,0.5,0.643,8.5,19.7,14.1,7,0.9,5.6,14.3,16.3,1701593
292,Alex Len,C,27,TOR,7,76,4.3,0.6,0.6,-0.1,0.1,-0.1,-0.033,-6.8,1.2,-5.6,-0.1,,0.1,0.633,0,16.5,8,5.2,0.6,7.9,38.8,11.7,1701593
292,Alex Len,C,27,WAS,57,903,17.5,0.071,0.41,1.6,1.2,2.8,0.147,-0.7,0.5,-0.2,0.4,,0.4,0.643,9.2,20,14.6,7.2,1,5.4,12.9,16.7,1686315
293,Kawhi Leonard,SF,29,LAC,52,1773,26,0.28,0.325,6.4,2.4,8.8,0.238,5.7,1,6.7,3.9,,1,0.622,3.6,17.4,10.7,24.9,2.3,1.1,9.2,28.6,1678854
294,Meyers Leonard,C,28,MIA,3,29,6.6,1,0.286,0,0,0,0.038,-3.5,-0.9,-4.4,0,,1,0.635,0,27.1,13.8,9.7,0,0,20.2,15.4,1678854
295,Caris LeVert,SG,26,TOT,47,1486,17.8,0.317,0.221,0.9,1.5,2.4,0.077,0.3,-0.4,-0.1,0.7,,0.5,0.531,2.5,13.1,7.8,25.4,2.1,1.7,10.2,28.7,1678854
295,Caris LeVert,SG,26,BRK,12,334,19.1,0.315,0.17,0.3,0.3,0.6,0.084,1.3,-0.7,0.6,0.2,,0.1,0.516,3.5,13.2,8.6,34.1,1.9,1.6,10.8,31.5,1678854
295,Caris LeVert,SG,26,IND,35,1152,17.4,0.318,0.238,0.6,1.2,1.8,0.075,0,-0.3,-0.3,0.5,,0.4,0.535,2.2,13,7.6,22.9,2.2,1.7,10.1,27.9,1663861
296,Kira Lewis Jr.,PG,19,NOP,54,904,10.3,0.356,0.151,0.2,0.6,0.9,0.045,-3.2,-0.5,-3.8,-0.4,,1,0.477,1.4,7.1,4.3,18.7,2,1,8.6,18.3,1663861
297,Damian Lillard,PG,30,POR,67,2398,25.6,0.528,0.363,9.6,0.8,10.4,0.209,7.4,-1.6,5.9,4.8,,1,0.623,1.4,11.5,6.3,34.6,1.3,0.6,11.6,31.4,1663861
298,Nassir Little,PF,20,POR,48,640,11.6,0.479,0.269,0.9,0.2,1.1,0.082,-1.1,-2,-3.1,-0.2,,1,0.589,5.2,16.5,10.7,4.9,0.4,1.8,8.8,13.8,1663861
299,Kevon Looney,C,24,GSW,61,1161,11.9,0.086,0.244,2,1.4,3.4,0.139,-1.9,0.5,-1.5,0.2,,1,0.575,10.9,18.6,14.8,13.4,0.8,1.7,14.5,9.4,1663861
300,Brook Lopez,C,32,MIL,70,1902,15.4,0.439,0.222,3.1,2.2,5.3,0.133,0.1,-0.1,0,1,,1,0.611,6,13,9.6,3.5,1,4.8,8.3,16.9,1663861
301,Robin Lopez,C,32,WAS,71,1354,16.7,0.042,0.322,2.8,0.9,3.7,0.131,0.3,-1.4,-1.1,0.3,,1,0.661,11.1,10.2,10.6,5.9,0.5,2.7,13.4,17.1,1663861
302,Didi Louzada,SF,21,NOP,3,56,-0.9,0.615,0,-0.1,0,-0.1,-0.099,-8.2,-1.6,-9.8,-0.1,,1,0.308,1.9,3.9,2.9,6.5,1.7,0,18.8,12,1663861
303,Kevin Love,PF,32,CLE,25,622,15.1,0.619,0.202,0.3,0.6,0.9,0.073,0.8,-0.8,0,0.3,,1,0.556,3,31.2,16.7,16,1.3,0.3,12.2,21.9,1663861
304,Kyle Lowry,PG,34,TOR,46,1601,16.5,0.555,0.268,2.9,1.3,4.1,0.124,1.9,-0.7,1.2,1.3,,1,0.593,2.3,15.1,8.5,31.8,1.4,0.9,15.9,21.4,1663861
305,Timothé Luwawu-Cabarrot,SF,25,BRK,58,1050,7.8,0.671,0.121,-0.3,0.7,0.3,0.015,-3.2,-1.7,-4.9,-0.8,,1,0.493,3.1,10.1,6.8,8.6,1.5,0.5,10.3,17.4,1663861
306,Trey Lyles,PF,25,SAS,23,358,11.4,0.444,0.256,0.3,0.3,0.6,0.085,-1.2,-0.7,-1.9,0,,1,0.574,2.6,23.3,12.8,5.3,0.8,0.2,5.7,12.9,1620564
307,Will Magnay,C,22,NOP,1,3,-35.1,1,0,0,0,0,-0.787,-30.7,-8.9,-39.6,0,,1,0,0,0,0,0,0,0,50,28,1620564
308,Thon Maker,C,23,CLE,8,76,18.6,0.111,0.611,0.2,0.1,0.3,0.174,0.3,1.2,1.5,0.1,,1,0.657,11.5,15.1,13.3,7.9,1.3,4.7,11.6,14.8,1620564
309,Théo Maledon,PG,19,OKC,65,1778,8.2,0.51,0.22,-1.9,1.1,-0.8,-0.021,-4.1,-1.1,-5.2,-1.4,,1,0.489,1.4,11,6.2,18.8,1.5,0.5,17.3,19.4,1620564
310,Karim Mané,PG,20,ORL,10,88,1.3,0.154,0.385,-0.1,0,-0.1,-0.045,-9,-0.8,-9.9,-0.2,,1,0.362,1.1,15.9,8.3,6,0,2.1,16.5,8.9,1620564
311,Terance Mann,SG,24,LAC,67,1263,13.8,0.26,0.269,2.4,1.3,3.7,0.141,-0.5,0.4,-0.1,0.6,,1,0.603,5.1,16.1,10.8,11.3,1.1,0.9,9.3,15.1,1517981
312,Nico Mannion,PG,19,GSW,30,364,9.3,0.526,0.246,-0.2,0.4,0.2,0.029,-3.4,-0.7,-4.1,-0.2,,1,0.487,1.8,11.5,6.7,25.6,2.1,0.2,19.7,18.5,1517981
313,Boban Marjanović,C,32,DAL,33,271,22.6,0.066,0.311,0.7,0.3,1,0.183,1.6,-2.7,-1.1,0.1,,1,0.562,19.3,32.7,26,5.9,0.4,2.1,8,24.6,1517981
314,Lauri Markkanen,PF,23,CHI,51,1317,15.2,0.568,0.177,1.7,1.3,3,0.109,1.3,-1.3,0,0.7,,1,0.619,3,19.4,11.3,5,1,1,8.5,20.2,1517981
315,Naji Marshall,SF,23,NOP,32,700,11.4,0.397,0.359,0.2,0.7,0.9,0.061,-2.1,0.8,-1.2,0.1,,1,0.508,2.3,20.6,11.5,16.5,1.8,1.4,13.6,16.8,1517981
316,Caleb Martin,SF,25,CHO,53,818,9.5,0.488,0.25,-0.4,0.9,0.5,0.03,-3.4,-0.3,-3.7,-0.4,,1,0.465,4,14.8,9.3,11.5,2.2,1.5,10.4,16.7,1517981
317,Cody Martin,SF,25,CHO,52,849,10.6,0.309,0.229,0.2,0.9,1.1,0.061,-2.6,0.3,-2.2,-0.1,,1,0.5,6.5,14.1,10.3,13.9,2.1,1.4,16.2,12.5,1517981
318,Jeremiah Martin,PG,24,CLE,9,75,1.4,0.364,0.152,-0.4,0.1,-0.3,-0.207,-8.5,-1.2,-9.7,-0.1,,1,0.313,2.9,7.6,5.2,7.9,3.3,2.4,14.6,23.9,1517981
319,Kelan Martin,SF,25,IND,35,322,13.9,0.435,0.072,0.1,0.4,0.4,0.066,-1.2,-1,-2.3,0,,1,0.551,6.1,20.1,13.1,7.5,1.5,2.5,10.1,20.9,1517981
320,Kenyon Martin Jr.,SF,20,HOU,45,1068,14.6,0.302,0.264,1.3,0.9,2.2,0.099,-1.5,-0.4,-1.8,0,,1,0.59,7,17.6,12.1,6.8,1.3,3.4,9.7,15.6,1517981
321,Frank Mason III,PG,26,ORL,4,79,7.5,0.208,0.292,0,0,0,-0.018,-6.1,-3.1,-9.2,-0.1,,1,0.462,3.8,12.2,7.9,22.3,0,0,15.6,17.5,1517981
322,Garrison Mathews,SG,24,WAS,64,1038,9.7,0.835,0.401,1.7,0.6,2.3,0.108,-1.7,-0.6,-2.3,-0.1,,1,0.635,1.6,7.2,4.4,3.1,1.3,0.6,3.5,11.5,1517981
323,Dakota Mathias,SG,25,PHI,8,123,9.8,0.542,0.125,0,0.1,0.2,0.061,-1.9,-1.7,-3.6,0,,1,0.474,0.9,5.3,3.1,15.1,0.4,2.2,1.9,18.1,1517981
324,Wesley Matthews,SG,34,LAL,58,1130,7.2,0.782,0.163,0.2,1.5,1.7,0.073,-3.1,0.6,-2.4,-0.1,,1,0.517,2,7.2,4.6,6.3,1.6,1.3,8.8,11.4,1517981
325,Tyrese Maxey,SG,20,PHI,61,935,14.5,0.24,0.163,0.8,1.1,1.9,0.099,-1.3,-0.6,-1.9,0,,1,0.531,1.3,10.8,6.1,19.9,1.3,1.2,8.2,23,1517981
326,Skylar Mays,SG,23,ATL,33,269,16.8,0.408,0.255,0.5,0.3,0.8,0.14,1,0.6,1.6,0.2,,1,0.569,4.2,10,7.1,16.4,2.6,0.7,7.6,19.1,1517981
327,Patrick McCaw,SF,25,TOR,5,33,12,0,3,0.1,0,0.1,0.209,-2.5,3.5,1,0,,1,1.078,3.2,6.9,5,15.2,2.9,0,0,3,1517981
328,CJ McCollum,SG,29,POR,47,1600,20.8,0.475,0.15,4.1,0.6,4.7,0.141,4.9,-1.5,3.3,2.1,,1,0.577,2,10.6,6.2,23,1.3,1.2,6.5,27.1,1517981
329,T.J. McConnell,PG,28,IND,69,1796,16.9,0.098,0.098,2.6,2.2,4.8,0.128,-0.1,1.6,1.5,1.6,,1,0.583,3.3,12.1,7.7,34.3,3.4,1,20.9,15.3,1517981
330,Jaden McDaniels,PF,20,MIN,63,1511,8.9,0.54,0.123,0.5,0.9,1.4,0.046,-3.4,-0.3,-3.8,-0.7,,1,0.552,3.6,13.4,8.3,6.4,1.1,3.4,10.8,12,1517981
331,Jalen McDaniels,SF,23,CHO,47,904,11.4,0.37,0.225,0.3,0.9,1.2,0.062,-2.7,-0.5,-3.3,-0.3,,1,0.554,5.3,15.1,10.1,8.6,1.5,2.1,12.6,17,1517981
332,Doug McDermott,PF,29,IND,66,1619,15.6,0.43,0.147,3.1,0.7,3.8,0.112,1.5,-2.1,-0.5,0.6,,1,0.635,4,10.7,7.4,7.8,0.6,0.3,7,20,1517981
333,Sean McDermott,SF,24,MEM,18,158,7.2,0.667,0.242,0.1,0.1,0.2,0.05,-3.3,-1.8,-5.1,-0.1,,1,0.534,4,8.8,6.4,3.1,0.6,1.7,9.9,10.8,1517981
334,JaVale McGee,C,33,TOT,46,678,17,0.085,0.238,-0.1,1.1,1,0.068,-3.2,1,-2.1,0,,0.5,0.541,12.6,27.3,19.8,9.7,1.4,7.3,16.2,23.9,1517981
334,JaVale McGee,C,33,CLE,33,503,18.4,0.093,0.256,0,0.8,0.8,0.074,-2.1,1.3,-0.8,0.2,,0.4,0.554,11.7,26.5,18.9,11.4,1.6,7.1,15.8,24.6,1517981
334,JaVale McGee,C,33,DEN,13,175,12.9,0.06,0.179,-0.1,0.3,0.2,0.05,-6.3,0.3,-6.1,-0.2,,0.1,0.498,15,29.7,22.4,4.8,0.8,7.8,17.2,21.8,1517981
335,Rodney McGruder,SG,29,DET,16,194,16.1,0.343,0.114,0.3,0.2,0.5,0.121,0.9,-0.2,0.7,0.1,,1,0.619,4.5,8.1,6.3,13.6,2,0.4,8.7,18.1,1517981
336,Alfonzo McKinnie,SF,28,LAL,39,258,15.5,0.419,0.194,0.5,0.3,0.8,0.156,0.4,-1.2,-0.8,0.1,,1,0.604,9.6,13.9,11.8,3.6,1.3,0,4.7,17.8,1517981
337,Jordan McLaughlin,PG,24,MIN,51,938,12,0.38,0.124,0.6,0.6,1.2,0.062,-2.1,0,-2.2,0,,1,0.502,2.3,10.4,6.2,28,2.6,0.6,16.7,13.7,1517981
338,Ben McLemore,SG,27,TOT,53,905,8.5,0.767,0.145,-0.5,0.7,0.2,0.013,-2.7,-1.3,-4,-0.5,,0.5,0.523,1.7,10.5,6,6.4,1.2,0.9,9.8,20.4,1500000
338,Ben McLemore,SG,27,HOU,32,537,8.3,0.741,0.143,-0.5,0.3,-0.2,-0.019,-3.2,-1.2,-4.4,-0.3,,0.3,0.5,2.1,11.4,6.6,7.8,1.8,0.5,10.5,21.1,1487284
338,Ben McLemore,SG,27,LAL,21,368,8.8,0.809,0.149,0.1,0.4,0.5,0.061,-1.9,-1.6,-3.5,-0.1,,0.2,0.559,1.2,9.1,5.2,4.3,0.4,1.5,8.5,19.4,1456667
339,Nicolò Melli,PF,30,TOT,45,566,7.9,0.603,0.177,0.1,0.5,0.6,0.048,-3.5,-0.1,-3.6,-0.2,,0.5,0.441,5.6,17.9,11.8,9.8,1.2,0.5,7.3,12.5,1445697
339,Nicolò Melli,PF,30,NOP,22,241,5.8,0.627,0.119,-0.2,0.2,0,0.008,-4.9,0.5,-4.4,-0.1,,0.2,0.346,5.4,20.3,12.8,12.7,1.8,0.4,10.1,12.1,1445697
339,Nicolò Melli,PF,30,DAL,23,325,9.4,0.585,0.22,0.3,0.2,0.5,0.078,-2.4,-0.6,-2.9,-0.1,,0.3,0.506,5.8,16.1,11,7.7,0.8,0.6,5.3,12.9,1445697
340,De'Anthony Melton,PG,22,MEM,52,1045,15.2,0.537,0.13,0.7,1.5,2.2,0.103,0.6,1.4,2,1,,1,0.568,3,13.4,8.2,17.5,2.7,2.7,13.7,19.5,1445697
341,Sam Merrill,SG,24,MIL,30,233,11.9,0.653,0.056,0.3,0.2,0.5,0.102,-0.6,-0.8,-1.4,0,,1,0.603,2.8,10.4,6.8,11.4,1.6,0.4,11.9,15,1445697
342,Chimezie Metu,C,23,SAC,36,488,14.5,0.207,0.24,0.3,0.3,0.6,0.061,-2.3,-1.7,-3.9,-0.2,,1,0.571,7,18.7,12.7,8.2,1.4,3.1,12.8,20,1350000
343,Khris Middleton,SF,29,MIL,68,2269,18.2,0.34,0.22,4.1,2.2,6.4,0.135,2,-0.7,1.3,1.9,,1,0.588,2.6,15.7,9.4,23.2,1.5,0.4,13.1,25,1300000
344,Darius Miller,SF,30,OKC,18,197,15.9,0.875,0.25,0.4,0.2,0.6,0.156,1.2,2.7,3.9,0.3,,1,0.685,1,11.8,6.3,15.4,3.1,2.3,13.1,13.2,1289846
345,Patty Mills,PG,32,SAS,68,1685,11.8,0.702,0.128,1.3,0.8,2.2,0.062,0.1,-1.8,-1.6,0.2,,1,0.57,1.1,6.3,3.7,13.5,1.2,0.2,9.3,18.4,1255493
346,Paul Millsap,PF,35,DEN,56,1162,16.4,0.357,0.244,1.7,1.6,3.2,0.133,0.4,0.1,0.5,0.7,,1,0.565,7.4,18.1,12.8,11.6,2.2,3,10.3,18.6,1250000
347,Shake Milton,SG,24,PHI,63,1461,14.6,0.304,0.264,1.1,1.6,2.8,0.091,-0.9,-1.2,-2.1,0,,1,0.549,2.5,8.5,5.6,20.3,1.3,1.1,12.2,24.9,1235889
348,Donovan Mitchell,PG,24,UTA,53,1771,21.3,0.423,0.29,3.9,2.2,6.2,0.167,4.1,-0.6,3.5,2.5,,1,0.569,3.1,10.6,7,26.7,1.4,0.7,10.7,33.5,1194542
349,Adam Mokoka,SG,22,CHI,14,56,2.2,0.526,0.053,-0.2,0.1,-0.1,-0.112,-7.7,-2.2,-9.9,-0.1,,1,0.386,2,7.8,4.9,11.9,1.7,1.6,20.5,18.9,1165322
350,Malik Monk,SG,22,CHO,42,878,13.6,0.531,0.18,0.5,0.5,1,0.054,0.3,-2.3,-1.9,0,,1,0.569,1.7,10.9,6.2,15.7,1.1,0.5,11.3,23.8,1068200
351,E'Twaun Moore,SG,31,PHO,27,389,10.4,0.289,0.116,0,0.4,0.4,0.049,-3.7,0.5,-3.1,-0.1,,1,0.523,4.2,8.9,6.6,13.7,1.9,1.2,15.3,17.2,1061283
352,Ja Morant,PG,21,MEM,63,2053,16.7,0.252,0.389,1.6,1.6,3.2,0.074,1.3,-2,-0.8,0.6,,1,0.537,3,10.1,6.5,33.5,1.3,0.6,15.3,27.2,1039080
353,Juwan Morgan,PF,23,UTA,29,147,8.5,0.433,0.233,0.1,0.2,0.3,0.105,-3.5,0.8,-2.7,0,,1,0.529,6.8,13.1,10.1,8,1.3,0.6,10.8,10.9,1014905
354,Marcus Morris,PF,31,LAC,57,1502,14.5,0.507,0.152,2.1,1.5,3.6,0.115,0.9,-1,-0.2,0.7,,1,0.614,2.7,14.5,8.8,5.6,1.1,0.9,8.4,20.1,1000000
355,Markieff Morris,PF,31,LAL,61,1200,9.3,0.553,0.132,-0.2,1.8,1.6,0.062,-2.8,-0.2,-3,-0.3,,1,0.509,4.5,20.3,12.5,8.6,0.9,1.4,11.9,16.4,1000000
356,Monte Morris,PG,25,DEN,47,1196,14,0.346,0.189,2,0.8,2.9,0.115,0.2,-1.1,-0.8,0.4,,1,0.574,1,8,4.6,17.1,1.4,1.1,7.5,16.5,1000000
357,Mychal Mulder,PG,26,GSW,60,766,10.8,0.808,0.083,0.6,0.6,1.2,0.075,-0.9,-1.4,-2.3,0,,1,0.613,1.1,7.1,4.2,4.8,0.7,1.4,5.5,16.2,999200
358,Dejounte Murray,PG,24,SAS,67,2139,16.5,0.204,0.138,0.7,2.6,3.3,0.074,-0.2,0.8,0.6,1.4,,1,0.509,2.8,21.1,11.8,25.9,2.3,0.3,10.2,23.4,943963
359,Jamal Murray,PG,23,DEN,48,1704,18.3,0.399,0.193,3.1,1.5,4.6,0.129,2.7,-1,1.7,1.6,,1,0.592,2.5,10.4,6.5,20.3,1.9,0.7,11.2,24.8,915048
360,Mike Muscala,C,29,OKC,35,645,14.7,0.689,0.135,0.9,0.4,1.3,0.096,0.8,-1.2,-0.3,0.3,,1,0.599,3,18.4,10.6,7,0.6,1.5,6.9,20,910895
361,Sviatoslav Mykhailiuk,SG,23,TOT,66,1324,10.4,0.621,0.099,-0.8,1.1,0.3,0.01,-1.9,-0.9,-2.8,-0.3,,0.5,0.529,1.9,11.4,6.6,12.9,1.9,0.8,14.3,20,898310
361,Sviatoslav Mykhailiuk,SG,23,DET,36,634,10.2,0.767,0.135,-0.3,0.6,0.3,0.025,-1.3,-0.8,-2.1,0,,0.3,0.527,1.9,11.2,6.5,13.5,2.1,0.8,14.2,19,898310
361,Sviatoslav Mykhailiuk,SG,23,OKC,30,690,10.6,0.505,0.071,-0.5,0.5,-0.1,-0.004,-2.5,-1.1,-3.5,-0.3,,0.2,0.531,1.9,11.6,6.7,12.3,1.7,0.8,14.4,21,898310
362,Abdel Nader,SF,27,PHO,24,355,13.4,0.371,0.319,0.3,0.4,0.7,0.095,-1.2,0.8,-0.4,0.2,,1,0.605,2.3,17.3,9.9,7.3,1.4,2.3,12.6,19,898310
363,Larry Nance Jr.,PF,28,CLE,35,1091,13.2,0.419,0.18,0.5,1.3,1.8,0.08,-1.1,1.7,0.6,0.7,,1,0.557,5.4,19,12.1,14.4,2.8,1.4,15.8,13.9,898310
364,Aaron Nesmith,SF,21,BOS,46,669,9.4,0.607,0.157,0.5,0.6,1.1,0.076,-2.9,-0.4,-3.2,-0.2,,1,0.573,4.6,16.6,10.6,4.6,1.1,1.3,10.8,13.7,898310
365,Raul Neto,PG,28,WAS,64,1403,13,0.367,0.19,1.5,1.3,2.8,0.097,-1.5,0.6,-0.8,0.4,,1,0.575,2.1,9.6,5.9,14,2.4,0.4,9.9,15.8,898310
366,Georges Niang,PF,27,UTA,72,1154,11.4,0.721,0.057,1.2,1.4,2.6,0.108,-0.5,0.1,-0.4,0.5,,1,0.602,2.7,13,8.1,7.3,1.1,0.6,10.9,17.4,898310
367,Zeke Nnaji,PF,20,DEN,42,397,11.3,0.567,0.144,0.6,0.3,0.9,0.104,-0.7,-1.4,-2.1,0,,1,0.615,4,14.5,9.3,3.3,1,1,6,12.9,898310
368,Nerlens Noel,C,26,NYK,64,1547,14.8,0.013,0.314,1.6,3.6,5.2,0.162,-2.5,3.5,1,1.2,,1,0.638,10.1,18.4,14.3,4.1,2.3,8.7,20.4,9.2,898310
369,Jaylen Nowell,SG,21,MIN,42,759,12.3,0.448,0.164,0.3,0.4,0.7,0.044,-1.5,-1.6,-3.1,-0.2,,1,0.528,2.6,11.3,6.8,12.5,1.4,1.4,7.2,21.4,822348
370,Frank Ntilikina,PG,22,NYK,33,322,7.7,0.608,0.228,0,0.5,0.5,0.07,-4.6,2.2,-2.4,0,,1,0.512,2,8.3,5.2,8.1,2.8,1.2,11.2,13.6,803044
371,Kendrick Nunn,PG,25,MIA,56,1650,14.2,0.486,0.091,1.4,1.5,2.9,0.084,-0.4,-0.3,-0.6,0.6,,1,0.596,1.5,10.8,6.2,14.5,1.6,0.9,10.5,20.9,802182
372,James Nunnally,SF,30,NOP,9,48,8.3,0.923,0.154,0,0,0,0.031,-1.5,-1.5,-3,0,,1,0.54,4.5,15.8,10.2,8.1,0,0,12.6,13.9,737996
373,Jusuf Nurkić,C,26,POR,37,880,20.5,0.09,0.339,1.2,1.2,2.4,0.133,0.3,1.7,2,0.9,,1,0.554,10.2,30.7,20.2,21.4,2.1,4,16,22.3,712278
374,David Nwaba,SF,28,HOU,30,679,14.4,0.289,0.312,0.7,0.6,1.3,0.094,-1.3,1,-0.3,0.3,,1,0.557,6,12.8,9.3,6.9,2.1,2.8,6.4,16.6,699115
375,Jordan Nwora,SF,22,MIL,30,274,16.1,0.459,0.185,0,0.4,0.4,0.068,-0.7,-0.6,-1.3,0,,1,0.586,3.6,18.9,11.5,3.6,2.7,2.3,14.1,26,693755
376,Royce O'Neale,SF,27,UTA,71,2241,9.9,0.706,0.117,2.3,3.3,5.6,0.121,-1.3,1.7,0.4,1.4,,1,0.599,4.4,18,11.5,10.4,1.2,1.2,16.7,9.6,693141
377,Semi Ojeleye,PF,26,BOS,56,950,8.3,0.715,0.145,0.7,0.6,1.2,0.063,-1.5,-1.2,-2.7,-0.2,,1,0.553,3.6,13.7,8.6,5.1,0.9,0,8.2,11.6,688052
378,Jahlil Okafor,C,25,DET,27,347,13.1,0.088,0.235,0.3,0.3,0.6,0.082,-2.4,-1.1,-3.5,-0.1,,1,0.644,7.3,13.9,10.6,6.1,0.8,1.3,15.7,16.8,685340
379,Chuma Okeke,PF,22,ORL,45,1133,11.8,0.435,0.123,0.3,1,1.3,0.056,-1.8,0.4,-1.4,0.2,,1,0.511,3.7,13.2,8.3,13.2,2.1,1.8,10,14.5,666666
380,Josh Okogie,SG,22,MIN,59,1197,9.1,0.425,0.425,0.5,0.8,1.3,0.051,-3.9,0.1,-3.7,-0.5,,1,0.524,5.5,8.7,7.1,7,2.1,2,12.5,12.1,660750
381,Onyeka Okongwu,C,20,ATL,50,601,16.8,0.02,0.383,1.1,0.8,1.9,0.155,-2.2,0.9,-1.3,0.1,,1,0.655,11.5,18,14.9,4.4,1.9,4.8,14.3,14.7,653924
382,Isaac Okoro,SG,20,CLE,67,2173,7.9,0.383,0.281,-0.1,1,0.9,0.02,-4.2,-0.8,-5,-1.6,,1,0.514,3.4,7.3,5.3,8.6,1.4,1,12,14.3,647098
383,KZ Okpala,PF,21,MIA,37,447,5.2,0.521,0.156,-0.3,0.4,0.1,0.015,-6.5,-0.7,-7.2,-0.6,,1,0.448,5.5,11.8,8.7,5.8,1.1,2.6,12.8,11.9,621587
384,Victor Oladipo,SG,28,TOT,33,1080,14.3,0.415,0.24,-0.6,1,0.4,0.017,-0.6,-0.9,-1.5,0.1,,0.5,0.512,1.2,15.1,8,22.8,2,1.2,11.5,28.5,614838
384,Victor Oladipo,SG,28,IND,9,300,15.5,0.454,0.243,0,0.3,0.4,0.063,1.5,-0.8,0.6,0.2,,0.1,0.535,0.4,18,9.2,18.7,2.4,0.5,9.7,26.4,609128
384,Victor Oladipo,SG,28,HOU,20,669,14.9,0.402,0.218,-0.3,0.5,0.1,0.009,-0.3,-0.7,-1,0.2,,0.3,0.508,1.2,14.5,7.6,25.3,1.7,1.3,10.9,29.8,597463
384,Victor Oladipo,SG,28,MIA,4,111,8.1,0.395,0.419,-0.3,0.2,-0.1,-0.06,-8.1,-2,-10.1,-0.2,,0.1,0.471,3.1,11.1,7.2,18.9,3.1,1.9,21.6,26.4,578842
385,Cameron Oliver,SF,24,HOU,4,87,17.2,0.394,0.121,0.1,0.1,0.2,0.114,-1.6,-0.9,-2.4,0,,1,0.619,5.9,20.5,12.9,9.6,1.1,4.1,7.9,18.5,563131
386,Kelly Olynyk,PF,29,TOT,70,1997,16.4,0.528,0.251,2.5,2.6,5.1,0.121,0.2,0.9,1.1,1.6,,0.5,0.61,4.8,22.5,13.6,16,1.9,2.1,14,19.7,538391
386,Kelly Olynyk,PF,29,MIA,43,1157,12.1,0.646,0.106,0.3,1.6,1.9,0.078,-1.6,0.7,-0.9,0.3,,0.3,0.549,4.4,21.1,12.9,11.7,1.7,2.4,12.3,17.5,537888
386,Kelly Olynyk,PF,29,HOU,27,840,22.3,0.389,0.421,2.2,1,3.2,0.182,2.6,1.2,3.8,1.2,,0.2,0.674,5.2,24.5,14.5,21.9,2.2,1.7,15.7,22.9,535294
387,Miye Oni,SG,23,UTA,54,519,6.4,0.889,0.061,0.2,0.7,0.9,0.081,-3.1,0.9,-2.1,0,,1,0.517,4.9,11.9,8.6,6.8,1,1.2,13.6,9.8,532218
388,Cedi Osman,SF,25,CLE,59,1510,10.3,0.553,0.162,-0.5,1,0.5,0.014,-1.9,-0.9,-2.8,-0.3,,1,0.488,2.8,12.4,7.5,17.7,1.7,0.5,11.3,20.4,529341
389,Daniel Oturu,C,21,LAC,30,161,12.5,0.096,0.231,0,0.2,0.3,0.081,-4,-1.6,-5.6,-0.1,,1,0.471,15.1,18.3,16.8,8.5,1.2,3.9,13.6,18.2,522989
390,Kelly Oubre Jr.,SF,25,GSW,55,1687,13.3,0.394,0.244,0,2.2,2.2,0.062,-1.5,-0.6,-2.1,-0.1,,1,0.529,5.2,15.4,10.4,6.5,1.6,2.2,8,22.1,520487
391,Jabari Parker,PF,25,TOT,13,165,14.7,0.2,0.236,0.2,0.1,0.3,0.089,-0.8,0.1,-0.6,0.1,,0.5,0.593,6.7,21.8,14.2,9.9,0.3,2.8,14.1,18.5,516836
391,Jabari Parker,PF,25,SAC,3,27,5,0.143,0,-0.1,0,0,-0.073,-7.5,-1.3,-8.8,0,,0.1,0.571,4.1,20.8,12.3,5,0,3.1,30,15.9,510586
391,Jabari Parker,PF,25,BOS,10,138,16.6,0.208,0.271,0.2,0.1,0.3,0.121,0.6,0.4,1,0.1,,0.4,0.596,7.2,22,14.5,10.8,0.4,2.7,11.5,18.9,503760
392,Eric Paschall,PF,24,GSW,40,695,13.4,0.181,0.315,0.2,0.7,0.9,0.062,-1.7,-1.5,-3.2,-0.2,,1,0.561,4.3,15.1,9.8,11.4,0.8,0.9,11.2,23.5,502957
393,Anžejs Pasečņiks,C,25,WAS,1,6,-40.6,1,0,-0.1,0,-0.1,-1.113,-40.1,-7.1,-47.1,-0.1,,1,0,17.7,0,8.8,18.7,0,0,83.3,41.4,489148
394,Patrick Patterson,PF,31,LAC,38,582,10.9,0.679,0.103,0.7,0.5,1.2,0.101,-0.4,-0.5,-0.9,0.2,,1,0.571,3.8,10.5,7.2,6.7,1.2,1.2,6,14,470690
395,Justin Patton,C,23,HOU,13,247,11.6,0.486,0.057,0.1,0.3,0.4,0.076,-3.8,1.7,-2,0,,1,0.488,5.8,15.8,10.6,8.1,2.3,5.1,5.3,13,470690
396,Chris Paul,PG,35,PHO,70,2199,21.4,0.294,0.206,6.5,2.7,9.2,0.201,3.4,1.3,4.7,3.7,,1,0.599,1.3,14.5,8,40.9,2.2,0.8,14,22.6,459414
397,Cameron Payne,PG,26,PHO,60,1079,17.4,0.42,0.142,2.4,1.2,3.6,0.158,1.7,0.9,2.6,1.3,,1,0.602,1.7,13.2,7.6,28.1,1.6,1.3,12.5,19.8,449115
398,Elfrid Payton,PG,26,NYK,63,1484,11.7,0.158,0.172,-0.9,1.9,1,0.032,-2.8,-0.6,-3.4,-0.5,,1,0.478,4.7,11,7.9,21.6,1.6,0.6,13.3,23.2,449115
399,Gary Payton II,PG,28,GSW,10,40,29.2,0.308,0.308,0.2,0.1,0.3,0.331,0.5,9,9.5,0.1,,1,0.847,5.4,23.6,14.6,4.1,7,2.2,6.3,16.8,449115
400,Norvel Pelle,C,27,TOT,13,84,11.6,0,0.4,0.1,0.1,0.2,0.112,-3.4,2.4,-1,0,,0.5,0.567,8.1,16.5,12.4,3,0.6,10,14.5,10.8,449115
400,Norvel Pelle,C,27,BRK,3,28,2.1,0,0,-0.1,0,0,-0.069,-9.8,0.1,-9.7,-0.1,,0.1,0.429,12.5,15,13.8,0,0,9.4,30,15.6,449115
400,Norvel Pelle,C,27,SAC,1,4,30.1,0,4,0,0,0,0.374,6.3,-4.9,1.4,0,,0,0.543,27.4,0,13.9,28.2,0,0,0,29.7,449115
400,Norvel Pelle,C,27,NYK,9,52,15.3,0,0.286,0.1,0.1,0.2,0.189,-0.6,4.1,3.5,0.1,,0.3,0.698,4.2,18.6,11.5,2.7,1,11,0,6.8,449115
401,Reggie Perry,PF,20,BRK,26,211,11,0.269,0.167,-0.1,0.2,0.2,0.04,-5,-1.7,-6.7,-0.2,,1,0.466,14.9,22.9,19.1,9,1.4,2.5,15.2,20.4,449115
402,Theo Pinson,SG,25,NYK,17,34,-8.1,0.889,0,-0.2,0,-0.1,-0.205,-13.6,-2.9,-16.5,-0.1,,1,0.111,0,15.8,8,3.7,0,0,10,13.1,449115
403,Mason Plumlee,C,30,DET,56,1499,18.7,0.018,0.444,3,2.1,5.1,0.164,0.3,1.8,2.1,1.5,,1,0.638,10.6,28.1,19.3,21,1.4,2.9,18.7,16.3,449115
404,Jakob Poeltl,C,25,SAS,69,1845,17.5,0,0.288,3.2,2.5,5.7,0.148,-0.4,1.1,0.7,1.2,,1,0.612,12.4,19.3,15.8,10.1,1.2,5.7,14.6,13.4,449115
405,Vincent Poirier,C,27,PHI,10,39,1.6,0.083,0.5,-0.2,0.1,-0.1,-0.127,-11.4,-3.2,-14.6,-0.1,,1,0.273,17.2,22.2,19.8,6.6,0,6.9,21.5,20.6,449115
406,Aleksej Pokusevski,PF,19,OKC,45,1090,6.1,0.507,0.103,-2.9,1,-1.9,-0.084,-5.2,-0.7,-5.9,-1.1,,1,0.43,2.8,17.6,10.1,13.1,0.9,3.4,18.8,20.5,449115
407,Jordan Poole,SG,21,GSW,51,988,15.1,0.582,0.251,1.1,0.9,1.9,0.094,0.8,-1.4,-0.6,0.4,,1,0.581,1.6,8.2,5,15.4,1.2,0.8,8.8,25,449115
408,Jontay Porter,PF,21,MEM,11,54,9.2,0.533,0.333,-0.1,0.1,0,0.019,-6.8,0.3,-6.5,-0.1,,1,0.64,7.8,19.9,13.7,2.5,2.7,1.7,28.9,18.9,449115
409,Kevin Porter Jr.,SG,20,HOU,26,835,12.5,0.439,0.256,-0.3,0.3,0,0,-1.3,-2.4,-3.8,-0.4,,1,0.528,2.4,10.5,6.3,31.2,1.1,0.9,18.2,25.4,449115
410,Michael Porter Jr.,SF,22,DEN,61,1912,20.6,0.468,0.164,4.8,2.1,6.9,0.173,3.9,-1,3,2.4,,1,0.663,5.4,20.9,13.2,5.6,1,2.8,8.1,21.7,449115
411,Otto Porter,PF,27,TOT,28,606,14.5,0.458,0.185,0.6,0.7,1.3,0.101,0,-0.5,-0.6,0.2,,0.5,0.552,5.2,22.4,13.8,12.9,1.3,0.6,9.2,19.3,449115
411,Otto Porter,PF,27,CHI,25,540,14.8,0.47,0.183,0.6,0.6,1.2,0.108,0.6,-0.9,-0.3,0.2,,0.4,0.566,5.8,22.4,14.2,13.1,1.1,0.6,10.3,19.5,449115
411,Otto Porter,PF,27,ORL,3,66,11.7,0.36,0.2,0,0.1,0.1,0.05,-5.3,2.3,-2.9,0,,0.1,0.441,0,22.8,11,11.5,2.9,0,0,17.8,449115
412,Bobby Portis,C,25,MIL,66,1372,19.9,0.263,0.122,2.8,2,4.8,0.167,2,-0.6,1.4,1.2,,1,0.598,9.9,25.3,17.9,7.4,1.8,1.7,8.2,20.9,449115
413,Kristaps Porziņģis,C,25,DAL,43,1327,21.3,0.378,0.202,2.6,1.7,4.3,0.154,2.9,-0.8,2,1.4,,1,0.582,6.9,24.6,15.8,8.4,0.7,4.1,6.4,26.5,449115
414,Dwight Powell,C,29,DAL,58,966,16.8,0.108,0.639,2.6,1.2,3.8,0.188,-0.8,1.5,0.7,0.7,,1,0.688,9.2,17.4,13.3,8.9,1.8,2.9,13.9,13.2,427725
415,Norman Powell,SF,27,TOT,69,2205,16.2,0.453,0.295,3.4,1.3,4.7,0.103,0.8,-0.7,0.1,1.2,,0.5,0.618,2,8.8,5.3,9.2,1.8,0.8,10.3,22.6,424544
415,Norman Powell,SF,27,TOR,42,1277,17.7,0.475,0.288,2.3,0.9,3.2,0.12,1.8,-0.6,1.2,1,,0.3,0.645,1.6,9.6,5.4,10,1.8,0.6,10.8,24.2,412202
415,Norman Powell,SF,27,POR,27,928,14.2,0.418,0.307,1.1,0.4,1.5,0.078,-0.6,-0.8,-1.4,0.1,,0.2,0.576,2.6,7.8,5.1,8.1,1.8,1,9.5,20.5,411639
416,Taurean Prince,PF,26,TOT,41,905,12.1,0.474,0.232,0.2,0.8,1,0.052,-1.2,-0.8,-2,0,,0.5,0.54,2.3,15.3,8.8,12.8,1.5,2.3,11.5,19.6,376276
416,Taurean Prince,PF,26,BRK,12,218,11.7,0.5,0.365,0,0.2,0.3,0.062,-2.7,-0.2,-2.9,0,,0.1,0.565,1.1,15.4,8.6,4.3,1.8,3.2,11.4,19.4,375321
416,Taurean Prince,PF,26,CLE,29,687,12.2,0.466,0.194,0.2,0.5,0.7,0.049,-0.8,-0.9,-1.7,0,,0.4,0.532,2.7,15.2,8.8,15.5,1.4,1.9,11.6,19.7,374297
417,Payton Pritchard,SG,23,BOS,66,1268,12.4,0.593,0.108,1.6,0.9,2.5,0.095,-0.4,-0.7,-1.1,0.3,,1,0.582,2.9,11.1,6.9,13.3,1.4,0.7,10.8,16.7,363015
418,Immanuel Quickley,PG,21,NYK,64,1243,15.8,0.522,0.3,1.8,1.4,3.2,0.125,1.5,-0.9,0.6,0.8,,1,0.557,2.2,9.7,6,16.2,1.2,0.9,8.1,25.6,350087
419,Jahmi'us Ramsey,SG,19,SAC,13,94,10.5,0.5,0.132,0,0,0,0.012,-3.1,-1.6,-4.7,-0.1,,1,0.498,2.3,9.6,5.9,8.8,2,0.9,6.9,19.8,344557
420,Chasson Randle,PG,27,ORL,41,837,7.4,0.549,0.203,-0.4,0.4,0,-0.001,-4.9,-1.3,-6.2,-0.9,,1,0.515,0.8,9.6,5.1,12.9,1.3,0.5,15.1,15.7,341481
421,Julius Randle,PF,26,NYK,71,2667,19.7,0.294,0.325,3.4,4.3,7.8,0.14,3,0.7,3.7,3.8,,1,0.567,3.5,25.7,14.7,27.2,1.2,0.6,13.8,29.3,332252
422,Cam Reddish,SF,21,ATL,26,750,9.3,0.479,0.312,-0.3,0.7,0.4,0.026,-3.2,-0.4,-3.6,-0.3,,1,0.488,3.3,11.7,7.6,6.5,2.2,1.1,10.2,19.3,289156
423,J.J. Redick,SG,36,TOT,44,723,9.9,0.667,0.195,0.4,0.3,0.7,0.045,-1.5,-2.2,-3.7,-0.3,,0.5,0.564,0.6,9,4.8,9.7,0.7,0.4,11,19.2,279927
423,J.J. Redick,SG,36,NOP,31,576,10.9,0.654,0.22,0.6,0.2,0.8,0.065,-1,-2,-3,-0.1,,0.4,0.575,0.6,9.2,4.9,9.6,0.7,0.3,9.6,19,267623
423,J.J. Redick,SG,36,DAL,13,147,5.9,0.717,0.094,-0.2,0.1,-0.1,-0.031,-3.5,-3,-6.5,-0.2,,0.1,0.516,0.8,8.2,4.5,10.3,0.7,0.6,16.6,19.9,249864
424,Paul Reed,PF,21,PHI,26,177,21.2,0.077,0.103,0.2,0.4,0.6,0.162,-1.9,1,-0.9,0,,1,0.54,19,18.9,19,11,2.7,6.6,12.8,22.7,237648
425,Naz Reid,C,21,MIN,70,1347,18.2,0.299,0.286,1.9,1.3,3.2,0.113,-0.2,-0.5,-0.6,0.5,,1,0.599,6.4,20,12.9,8.7,1.2,4.9,9.5,22.5,217844
426,Cameron Reynolds,SF,25,TOT,5,40,6.5,0.667,0,0,0,0,-0.039,-5.1,-3.9,-9,-0.1,,0.5,0.417,5.1,8.3,6.7,7.5,0,0,0,19.2,215330
426,Cameron Reynolds,SF,25,SAS,3,6,6.2,0,0,0,0,0,-0.017,-6.1,-3.2,-9.3,0,,0.3,0.5,0,0,0,0,0,0,0,14.5,198040
426,Cameron Reynolds,SF,25,HOU,2,34,6.5,0.75,0,0,0,0,-0.043,-5,-4,-9,-0.1,,0.2,0.406,6,9.8,7.8,8.8,0,0,0,20,198040
427,Nick Richards,PF,23,CHO,18,63,5.5,0.111,1.222,0,0,0,0.026,-5.8,-2.9,-8.7,-0.1,,1,0.542,6.8,12.2,9.5,4.2,0,0,17.8,11.5,196872
428,Josh Richardson,SG,27,DAL,59,1790,11.9,0.432,0.175,1,1.4,2.4,0.066,-1.5,-0.6,-2.1,0,,1,0.537,3.2,8.8,6,12.1,1.7,1.2,10.6,18.4,168983
429,Grant Riller,PG,23,CHO,7,27,23.6,0.333,0,0.1,0,0.1,0.177,4.5,1,5.4,0.1,,1,0.75,0,4.1,2,20.9,1.8,0,7.7,20.7,166111
430,Austin Rivers,SG,28,TOT,36,845,9.9,0.608,0.127,0.4,0.9,1.3,0.072,-2.1,-0.1,-2.2,0,,0.5,0.551,1.1,9.6,5.4,13.2,1.8,0.2,12.2,15.4,159698
430,Austin Rivers,SG,28,NYK,21,442,9.5,0.57,0.104,0.1,0.5,0.6,0.063,-2.3,-0.7,-3,-0.1,,0.3,0.545,1.2,10.2,5.8,13.9,1.4,0,13.5,16.5,158907
430,Austin Rivers,SG,28,DEN,15,403,10.3,0.655,0.155,0.3,0.4,0.7,0.081,-2,0.6,-1.4,0.1,,0.2,0.558,0.8,9,4.9,12.5,2.2,0.5,10.6,14.2,144297
431,Andre Roberson,SG,29,BRK,5,63,4.2,0.571,0.143,-0.1,0.1,-0.1,-0.043,-5.1,-1.2,-6.2,-0.1,,1,0.202,12.9,13.3,13.2,7.4,2.3,1.4,11.8,11.7,135362
432,Duncan Robinson,SF,26,MIA,72,2262,11,0.855,0.105,1.9,1.8,3.7,0.079,-0.2,-0.9,-1.1,0.5,,1,0.628,0.4,12.1,6.3,8.3,0.9,0.9,9.7,16.6,135350
433,Glenn Robinson III,SF,27,SAC,23,369,9,0.444,0.232,0.3,0,0.3,0.033,-1.9,-2.8,-4.6,-0.2,,1,0.554,3.3,10.4,6.8,7,0.5,0.7,9.2,14,129209
434,Jerome Robinson,SG,23,WAS,17,305,4.1,0.442,0.211,-0.7,0.3,-0.4,-0.057,-6.5,-1.1,-7.6,-0.4,,1,0.4,1.4,11.8,6.6,10.2,1.8,1.6,15.5,16.7,125000
435,Justin Robinson,PG,23,OKC,9,88,6,0.667,0.238,0,0,0,0.021,-6.2,-1.3,-7.6,-0.1,,1,0.453,1.2,7.2,4.1,14.1,1.6,0,7.9,12.2,123056
436,Mitchell Robinson,C,22,NYK,31,853,17.7,0,0.301,1.8,1.7,3.4,0.192,-0.3,1.1,0.9,0.6,,1,0.642,14.5,17.5,16,2.9,2.1,5,11.5,11.8,123056
437,Isaiah Roby,PF,22,OKC,61,1425,11.9,0.254,0.273,-0.3,1.5,1.3,0.043,-3.6,0.2,-3.5,-0.5,,1,0.555,6.4,18.6,12.4,11.4,1.7,2.3,19,17.7,122741
438,Rajon Rondo,PG,34,TOT,45,770,13.2,0.414,0.079,0.5,0.8,1.3,0.081,-0.6,0.3,-0.3,0.3,,0.5,0.544,2.7,12.9,7.9,35.3,2.4,0.5,26.2,17.2,107674
438,Rajon Rondo,PG,34,ATL,27,402,9.9,0.409,0.018,-0.2,0.4,0.2,0.019,-2.8,0.1,-2.7,-0.1,,0.3,0.478,1.1,13.6,7.5,32.2,2.3,0.4,26,16.2,95369
438,Rajon Rondo,PG,34,LAC,18,368,16.8,0.419,0.143,0.7,0.4,1.1,0.148,1.8,0.5,2.3,0.4,,0.2,0.609,4.4,12.2,8.4,38.6,2.4,0.5,26.4,18.2,92857
439,Derrick Rose,PG,32,TOT,50,1279,18.3,0.211,0.208,1.6,1.6,3.1,0.118,1.4,0.1,1.5,1.1,,0.5,0.55,1.7,9.3,5.5,28,1.9,1.4,10.5,25.8,86132
439,Derrick Rose,PG,32,DET,15,342,17.1,0.212,0.272,0,0.3,0.4,0.051,1.2,-0.8,0.4,0.2,,0.2,0.517,1.9,7.6,4.7,32.5,2.6,1,12.3,30,61528
439,Derrick Rose,PG,32,NYK,35,937,18.8,0.211,0.18,1.5,1.2,2.8,0.142,1.4,0.5,1.9,0.9,,0.4,0.565,1.6,10,5.9,26.3,1.7,1.5,9.6,24.3,58452
440,Terrence Ross,SG,29,ORL,46,1347,13.2,0.429,0.224,-0.1,1,0.9,0.03,-1.3,-1.1,-2.4,-0.1,,1,0.53,1.1,11.4,6.1,13.2,1.7,1.4,9.9,24.1,50000
441,Terry Rozier,SG,26,CHO,69,2383,17.1,0.504,0.178,3.3,2,5.2,0.105,2.4,-0.9,1.5,2.1,,1,0.575,2.1,11.8,6.9,20,1.8,1.1,9.5,24.4,49222
442,Ricky Rubio,PG,30,MIN,68,1772,13.5,0.43,0.301,1.9,1.3,3.1,0.085,-2.1,-0.1,-2.2,-0.1,,1,0.516,1.6,12.4,6.8,33.3,2.6,0.2,16.4,16,43070
443,D'Angelo Russell,PG,24,MIN,42,1196,17.6,0.475,0.229,1,0.6,1.6,0.063,3,-1.9,1.1,1,,1,0.555,1.4,8.9,5,33.6,1.8,1.3,13.5,29.1,39989
444,Domantas Sabonis,PF,24,IND,62,2231,20.6,0.179,0.363,4,3,6.9,0.149,2.4,1.5,3.9,3.3,,1,0.601,7.3,28.6,18,27.5,1.6,1.2,16.9,24.1,25000
445,Luka Šamanić,PF,21,SAS,33,308,9.8,0.41,0.276,-0.2,0.3,0.1,0.015,-4.3,-0.9,-5.1,-0.2,,1,0.518,5.4,18.3,11.7,6.9,1.3,2.2,14.5,19.5,25000
446,JaKarr Sampson,PF,27,IND,29,316,10.9,0.133,0.257,0,0.3,0.3,0.044,-5.1,-2.3,-7.4,-0.4,,1,0.533,9.3,17.1,13.2,1.8,0.3,3.6,10.7,19,24611
447,Dario Šarić,C,26,PHO,50,871,14.3,0.395,0.289,0.7,1,1.7,0.093,-1.4,-0.8,-2.2,0,,1,0.567,6.1,18.4,12.4,10.4,1.7,0.4,12.9,22.6,18458
448,Tomáš Satoranský,SG,29,CHI,58,1307,13.8,0.359,0.24,1.9,1.1,3.1,0.113,-0.5,-0.2,-0.7,0.4,,1,0.614,2.6,9.4,6,27.9,1.5,0.9,20.9,15.2,18458
449,Dennis Schröder,SG,27,LAL,61,1956,13.8,0.279,0.32,1,2.7,3.8,0.093,-1.1,0,-1.1,0.4,,1,0.543,1.7,10.3,6.1,26.9,1.7,0.6,15.8,22.9,489148
450,Mike Scott,PF,32,PHI,51,852,6.8,0.735,0.057,-0.1,1.1,1,0.058,-3.2,0.1,-3.1,-0.2,,1,0.492,1.4,13.8,7.8,6.1,1.4,1.5,8.1,11.9,470690
451,Jay Scrubb,SG,20,LAC,4,84,6.3,0.25,0.139,-0.2,0.1,-0.1,-0.072,-8.1,-2.8,-10.9,-0.2,,1,0.458,2.8,15.6,9.4,1.7,2.4,0,15.5,23.8,470690
452,Collin Sexton,SG,22,CLE,60,2115,18,0.239,0.347,2.6,0.9,3.5,0.08,1.9,-1.9,0,1,,1,0.573,3,7,4.9,22.6,1.4,0.4,11.6,29.7,459414
453,Landry Shamet,SG,23,BRK,61,1403,10.3,0.73,0.171,1.2,0.6,1.8,0.063,-1.1,-1.5,-2.5,-0.2,,1,0.578,0.9,7.6,4.4,9.3,1.1,0.6,8.9,16.7,449115
454,Iman Shumpert,SG,30,BRK,2,11,-0.4,0.75,0,-0.1,0,0,-0.212,-10.2,-2.7,-13,0,,1,0.25,10.6,0,5,0,4.4,0,20,19.8,449115
455,Pascal Siakam,PF,26,TOR,56,2006,17.7,0.256,0.313,2.3,2,4.2,0.101,0.8,-0.4,0.4,1.2,,1,0.547,5,17.6,11.1,20.5,1.5,1.8,10.6,26.3,449115
456,Chris Silva,PF,24,TOT,15,92,11.5,0.063,0.938,0.1,0.1,0.2,0.101,-6.2,0.8,-5.5,-0.1,,0.5,0.708,8.9,24.4,16.8,9.3,0.5,6.6,30.7,15.9,449115
456,Chris Silva,PF,24,MIA,11,83,13.4,0.077,1.154,0.1,0.1,0.2,0.136,-5,1.2,-3.8,0,,0.4,0.765,9.8,24.4,17.2,10.3,0.6,6.3,31.5,15.5,449115
456,Chris Silva,PF,24,SAC,4,9,-5.9,0,0,-0.1,0,0,-0.219,-17.9,-3.1,-21,0,,0.1,0.333,0,25,12.3,0,0,9.4,25,19.1,449115
457,Ben Simmons,PG,24,PHI,58,1877,18.3,0.017,0.492,2.7,3.3,6,0.153,0.8,1.9,2.7,2.2,,1,0.584,5.6,18.7,12.2,31.3,2.4,1.7,19.6,20.2,449115
458,Anfernee Simons,SG,21,POR,64,1104,12.3,0.703,0.142,1.5,0.3,1.8,0.078,0.6,-1.8,-1.3,0.2,,1,0.589,1.3,12.5,6.8,11.4,0.8,0.6,9.2,18.3,449115
459,Deividas Sirvydis,SG,20,DET,20,133,5.7,0.7,0.15,-0.1,0.1,0,-0.01,-4.5,-1.1,-5.6,-0.1,,1,0.481,0,24.5,12.1,5.4,0.7,0,10.5,15.7,449115
460,Alen Smailagić,PF,20,GSW,15,84,8.9,0.37,0.222,-0.1,0.1,0,0.015,-4.9,-0.5,-5.4,-0.1,,1,0.472,7.7,12.5,10.1,6.5,1.7,5.2,14.4,17.6,449115
461,Marcus Smart,PG,26,BOS,48,1581,13.8,0.553,0.318,1.8,1.5,3.3,0.1,-0.4,-0.2,-0.6,0.6,,1,0.539,2.5,9.3,5.9,23.6,2.2,1.4,14.2,18.4,449115
462,Dennis Smith Jr.,PG,23,TOT,23,420,13.6,0.4,0.179,0.1,0.5,0.6,0.07,-1.3,1.5,0.2,0.2,,0.5,0.492,3.1,11.5,7.3,27.8,2.7,2.9,14.3,19,449115
462,Dennis Smith Jr.,PG,23,NYK,3,28,6.8,0.4,0.6,-0.1,0.1,0,-0.015,-8.2,3.9,-4.3,0,,0.1,0.356,0,7.7,3.9,14.4,5.4,0,7.3,21.7,449115
462,Dennis Smith Jr.,PG,23,DET,20,392,14.1,0.4,0.148,0.1,0.5,0.6,0.076,-0.8,1.3,0.5,0.3,,0.4,0.504,3.4,11.8,7.5,28.8,2.5,3.1,14.8,18.8,449115
463,Ish Smith,PG,32,WAS,44,924,11.6,0.165,0.111,0.2,0.9,1.1,0.056,-2,0.2,-1.9,0,,1,0.473,2.5,14.6,8.6,24.7,1.6,1.2,11.6,15.8,449115
464,Jalen Smith,PF,20,PHO,27,156,8.4,0.34,0.14,-0.1,0.2,0.1,0.022,-4.8,-1.4,-6.2,-0.2,,1,0.499,5.2,21.4,13.4,3.4,0.3,2.9,11.7,17.1,449115
465,Tony Snell,SG,29,ATL,47,992,9.5,0.637,0.064,1.6,0.5,2,0.099,-0.5,-0.4,-0.9,0.3,,1,0.708,2,10.2,6.2,7.9,0.6,1,10.7,8.6,449115
466,Ray Spalding,C,23,HOU,2,19,0.8,0.25,0.5,-0.1,0,-0.1,-0.184,-8.9,-1.4,-10.4,0,,1,0.41,10.8,11.7,11.2,0,0,9.4,38.1,17.6,449115
467,Cassius Stanley,SG,21,IND,24,93,5.5,0.302,0.209,-0.2,0.1,-0.1,-0.05,-7,-4.2,-11.2,-0.2,,1,0.383,9.4,13.9,11.7,1.4,0.5,1.7,2.1,22,449115
468,Lamar Stevens,PF,23,CLE,40,499,10.5,0.184,0.375,0,0.5,0.4,0.043,-4,0,-4,-0.3,,1,0.521,5.3,16.6,10.8,7.4,1.7,2.3,12.7,15.8,449115
469,Isaiah Stewart,C,19,DET,68,1455,16.4,0.154,0.225,1.9,2.1,4,0.132,-1.6,0.4,-1.2,0.3,,1,0.597,12,22.7,17.3,6.3,1.3,5.2,13,15.5,449115
470,Max Strus,SF,24,MIA,39,507,12.1,0.791,0.128,0.6,0.3,0.9,0.088,-0.4,-1.8,-2.2,0,,1,0.597,1.1,8,4.6,7.3,1.1,0.4,3.9,18.3,449115
471,Edmond Sumner,SG,25,IND,53,861,12.7,0.312,0.294,0.7,0.7,1.4,0.077,-2.3,-0.6,-2.9,-0.2,,1,0.626,2.3,9.5,5.9,7.9,1.8,0.9,13.8,18.3,427725
472,Jae'Sean Tate,SF,25,HOU,70,2043,13.8,0.312,0.235,2.2,1.6,3.8,0.088,-1.6,0.4,-1.2,0.4,,1,0.576,6.6,13.2,9.8,13.2,2,1.6,12.4,16.4,424544
473,Jayson Tatum,SF,22,BOS,64,2290,21.3,0.368,0.258,4.1,2.5,6.5,0.137,4.1,-0.4,3.7,3.3,,1,0.576,2.4,20.7,11.5,20.3,1.6,1.3,10.4,30.8,412202
474,Jeff Teague,PG,32,TOT,55,950,12.3,0.289,0.37,0.8,0.8,1.6,0.079,-1.7,-0.4,-2.1,0,,0.5,0.562,1.7,8.3,5.1,18.3,1.7,1.2,16.2,17.7,411639
474,Jeff Teague,PG,32,BOS,34,616,11.4,0.298,0.324,0.3,0.5,0.8,0.062,-2.4,-0.2,-2.5,-0.1,,0.3,0.542,1.8,8.6,5.2,16.2,2.1,1.1,15.4,17.7,376276
474,Jeff Teague,PG,32,MIL,21,334,14.1,0.271,0.458,0.5,0.2,0.8,0.11,-0.4,-0.9,-1.3,0.1,,0.2,0.598,1.6,7.9,4.9,22.2,1.1,1.3,17.8,17.6,375321
475,Garrett Temple,SG,34,CHI,56,1528,8.2,0.525,0.131,0.2,1.4,1.6,0.05,-3.3,-0.1,-3.5,-0.6,,1,0.525,2.1,9.4,5.8,10.5,1.4,1.7,12.6,13.1,374297
476,Tyrell Terry,PG,20,DAL,11,56,6,0.438,0.188,-0.1,0.1,-0.1,-0.049,-7.7,2.2,-5.5,-0.1,,1,0.318,0,11.7,5.9,14,4.4,0,10.4,15.3,363015
477,Daniel Theis,C,28,TOT,65,1601,15,0.326,0.236,2.4,1.8,4.3,0.128,-0.6,0.5,-0.2,0.7,,0.5,0.609,6.5,18.3,12.4,9.5,1.2,3.3,11.4,15.6,350087
477,Daniel Theis,C,28,BOS,42,1027,15,0.33,0.233,1.7,1.2,2.9,0.134,-0.5,0.7,0.2,0.6,,0.3,0.625,5.8,18.1,11.9,9.3,1.2,3.9,11.4,15,344557
477,Daniel Theis,C,28,CHI,23,574,14.9,0.32,0.242,0.7,0.7,1.4,0.116,-0.9,0.1,-0.8,0.2,,0.2,0.584,7.6,18.5,13.1,10,1.4,2.1,11.3,16.8,341481
478,Brodric Thomas,SG,24,TOT,32,399,8,0.546,0.426,-0.3,0.3,0.1,0.006,-4.7,0.1,-4.6,-0.3,,0.5,0.487,2.2,12.9,7.4,10.7,1.8,2.2,14.6,16.4,332252
478,Brodric Thomas,SG,24,HOU,4,24,7.2,0.857,1,-0.1,0,0,-0.063,-6.9,-0.5,-7.3,0,,0.1,0.496,4.3,13.9,8.9,22.7,2,3.7,28.4,24.9,289156
478,Brodric Thomas,SG,24,CLE,28,375,8,0.525,0.386,-0.2,0.3,0.1,0.01,-4.6,0.2,-4.4,-0.2,,0.4,0.487,2,12.8,7.3,9.9,1.8,2.1,13.2,15.8,279927
479,Isaiah Thomas,PG,31,NOP,3,48,2.4,0.444,0.074,-0.2,0,-0.2,-0.179,-8.1,-5.6,-13.8,-0.1,,1,0.412,2.3,6.8,4.5,15.1,1,0,17.7,29.7,267623
480,Khyri Thomas,SG,24,HOU,5,153,21.3,0.409,0.136,0.4,0.1,0.5,0.164,2,0.3,2.3,0.2,,1,0.586,4.7,8,6.3,26.9,2.8,3.5,7.9,21.1,249864
481,Matt Thomas,SG,26,TOT,45,326,9.1,0.63,0.11,0,0.2,0.2,0.031,-2.9,-2.3,-5.2,-0.3,,0.5,0.522,2.3,12.2,7.3,8.6,0.6,0,9.5,19.5,237648
481,Matt Thomas,SG,26,TOR,26,192,8.2,0.661,0.113,0,0.1,0.1,0.028,-2.2,-2.5,-4.7,-0.1,,0.3,0.545,1.7,10.7,6,6.7,0.5,0,8.4,16,217844
481,Matt Thomas,SG,26,UTA,19,134,10.5,0.6,0.108,-0.1,0.2,0.1,0.034,-3.9,-2,-6,-0.1,,0.2,0.499,3.3,14.4,9.1,11.3,0.7,0,10.5,24.5,215330
482,Tristan Thompson,PF,29,BOS,54,1287,14.2,0.009,0.368,1.5,1.4,2.9,0.107,-1.4,-1.2,-2.6,-0.2,,1,0.54,14.5,23.5,19,7.2,0.9,2.4,14.1,14.8,198040
483,Sindarius Thornwell,SG,26,TOT,21,217,6.6,0.5,0.174,-0.2,0.2,0,0.009,-5.8,0.8,-5,-0.2,,0.5,0.414,1.4,7.4,4.4,13,2.9,0.9,12.4,11.1,198040
483,Sindarius Thornwell,SG,26,NOP,14,73,4.5,0.429,0.095,-0.2,0.1,-0.1,-0.057,-6.1,0.1,-5.9,-0.1,,0.3,0.388,1.5,5.9,3.7,7,3.3,1.3,15.5,14.9,196872
483,Sindarius Thornwell,SG,26,ORL,7,144,7.7,0.56,0.24,0,0.1,0.1,0.042,-5.7,1.2,-4.5,-0.1,,0.2,0.434,1.4,8.2,4.7,16,2.7,0.6,9.8,9.2,168983
484,Matisse Thybulle,SG,23,PHI,65,1298,10.1,0.588,0.074,0.1,2.7,2.8,0.102,-2.7,4.3,1.6,1.2,,1,0.508,2.6,7.8,5.3,6.3,3.9,4.9,11.3,9.4,166111
485,Killian Tillie,C,22,MEM,18,182,8.5,0.579,0.193,0,0.2,0.2,0.055,-3.6,-0.5,-4.1,-0.1,,1,0.461,3.5,10.6,7,5.6,1.3,4,3.1,14.8,159698
486,Xavier Tillman Sr.,PF,22,MEM,59,1085,14.7,0.217,0.177,1.4,1.5,2.9,0.127,-1.3,0.9,-0.4,0.4,,1,0.605,7.2,18,12.5,9.4,1.9,2.7,12.3,14.3,158907
487,Anthony Tolliver,PF,35,PHI,11,99,4,0.824,0.353,-0.1,0.1,0.1,0.025,-5.7,-1.7,-7.4,-0.1,,1,0.433,3.4,7.6,5.6,2.5,1.5,1.8,13.3,9.8,144297
488,Obi Toppin,PF,22,NYK,62,683,12.7,0.407,0.124,0.5,1,1.5,0.109,-1.5,0.5,-1,0.2,,1,0.574,4.2,17.6,11,6.4,1.2,2.1,9.4,15.9,135362
489,Juan Toscano-Anderson,SG,27,GSW,53,1107,12.6,0.44,0.148,1.4,1.6,3,0.13,-1.5,2.2,0.6,0.7,,1,0.676,2.8,19.5,11.3,18.1,1.7,2.1,21.5,11,135350
490,Axel Toupane,SF,28,MIL,8,61,9,0.182,0.636,0.1,0.1,0.1,0.097,-4.4,1.3,-3.1,0,,1,0.497,0,10,5.2,7.6,1.5,4.4,0,9.7,129209
491,Karl-Anthony Towns,C,25,MIN,50,1689,23.1,0.36,0.355,3.8,1.6,5.4,0.153,4,0.2,4.3,2.7,,1,0.612,8.2,26.4,17,22.6,1.1,2.9,13.7,29.1,125000
492,Gary Trent Jr.,SG,22,TOT,58,1802,12.1,0.546,0.135,1,0.7,1.7,0.045,-0.6,-2.1,-2.7,-0.3,,0.5,0.534,1.6,7.7,4.6,6.6,1.5,0.5,4.9,20.9,123056
492,Gary Trent Jr.,SG,22,POR,41,1262,12.4,0.582,0.143,1.2,0.3,1.5,0.056,0,-2.4,-2.4,-0.1,,0.4,0.55,1.7,6.1,3.9,6.7,1.4,0.4,5.3,20.1,123056
492,Gary Trent Jr.,SG,22,TOR,17,540,11.3,0.475,0.119,-0.2,0.4,0.2,0.019,-1.8,-1.6,-3.4,-0.2,,0.1,0.501,1.2,11.6,6.2,6.4,1.7,0.7,4.2,22.9,122741
493,P.J. Tucker,PF,35,TOT,52,1356,5.5,0.672,0.158,0.1,0.9,1,0.034,-4.5,0.2,-4.3,-0.8,,0.5,0.51,3.9,12.3,8,5.7,1.4,1.3,17.4,7.2,107674
493,P.J. Tucker,PF,35,HOU,32,959,5.5,0.656,0.176,-0.2,0.6,0.4,0.021,-5.1,0.3,-4.8,-0.7,,0.3,0.5,3.5,13.3,8.2,6.1,1.4,1.7,19,7.7,95369
493,P.J. Tucker,PF,35,MIL,20,397,5.7,0.717,0.109,0.2,0.3,0.5,0.065,-3,-0.2,-3.2,-0.1,,0.2,0.539,4.9,9.7,7.4,4.6,1.2,0.4,12.7,5.8,92857
494,Rayjon Tucker,PG,23,PHI,14,68,15.1,0.389,1.056,0.1,0.1,0.2,0.166,-3.5,-0.5,-4,0,,1,0.645,1.6,15.9,8.9,12.2,1.4,0,13.2,19.2,86132
495,Myles Turner,C,24,IND,47,1455,15.3,0.477,0.329,1.1,2.2,3.3,0.11,-1.3,1.7,0.4,0.9,,1,0.599,4.7,18,11.4,4.4,1.3,8.8,11.9,16.4,61528
496,Jonas Valančiūnas,C,28,MEM,62,1755,24.4,0.077,0.273,5.1,2.6,7.8,0.213,3.1,-0.4,2.7,2.1,,1,0.636,15.1,31.9,23.4,10,1,2.9,10.7,22.4,58452
497,Denzel Valentine,SG,27,CHI,62,1036,10.1,0.582,0.041,-0.4,1.1,0.7,0.032,-2.1,-0.8,-2.9,-0.3,,1,0.479,2.6,18.3,10.5,14,1.4,0.6,9,19.5,50000
498,Jarred Vanderbilt,PF,21,MIN,64,1139,16.2,0.021,0.432,1.6,1.5,3.1,0.132,-1.6,1,-0.6,0.4,,1,0.612,10.8,24.7,17.5,9.3,2.7,3.5,15.9,12.3,49222
499,Fred VanVleet,SG,26,TOR,52,1899,16.8,0.547,0.22,2.4,1.8,4.3,0.108,2.3,-0.1,2.2,2,,1,0.534,1.8,11.3,6.4,26.7,2.2,2,9.1,23.9,43070
500,Anderson Varejão,C,38,CLE,5,36,12.9,0.063,0.563,-0.1,0,0,-0.029,-4,-2.2,-6.2,0,,1,0.326,21.3,41.4,31.1,12.2,0,5,4.8,25.4,39989
501,Devin Vassell,SF,20,SAS,62,1056,10.6,0.495,0.168,0.4,1.1,1.5,0.069,-2.5,0.6,-1.9,0.1,,1,0.524,2.4,15.4,8.8,7.1,2,1.4,6.3,14.3,25000
502,Gabe Vincent,PG,24,MIA,50,655,7.6,0.639,0.099,-0.4,0.5,0.2,0.011,-4.6,-1.1,-5.7,-0.6,,1,0.498,1.8,7.9,4.9,15.1,1.6,0.3,12.3,19.1,25000
503,Noah Vonleh,PF,25,BRK,4,11,-19,0.667,0,-0.1,0,-0.1,-0.488,-20.9,-8.9,-29.9,-0.1,,1,0,0,9.6,5,10.2,0,0,40,19.8,24611
504,Nikola Vučević,C,30,TOT,70,2348,22.9,0.315,0.112,3.3,3,6.3,0.129,4.9,0.2,5.1,4.2,,0.5,0.56,6.5,30.9,18.5,21.3,1.3,1.8,7.9,29.3,18458
504,Nikola Vučević,C,30,ORL,44,1500,23.5,0.317,0.121,2.1,1.8,3.9,0.125,5.5,0.1,5.6,2.9,,0.3,0.565,5.8,30.8,17.9,22.1,1.4,1.7,8,29.9,18458
504,Nikola Vučević,C,30,CHI,26,848,21.8,0.311,0.094,1.2,1.2,2.4,0.137,4,0.2,4.2,1.3,,0.2,0.55,7.8,31.2,19.6,20,1.3,2.1,7.8,28.2,489148
505,Dean Wade,PF,24,CLE,63,1212,11.3,0.685,0.125,1.1,0.9,2,0.08,-1,-0.2,-1.2,0.2,,1,0.573,3.4,16.8,9.9,8.9,1.4,1.5,8.4,12.9,470690
506,Moritz Wagner,C,23,TOT,45,722,12.5,0.397,0.38,0.5,0.8,1.2,0.082,-2.7,0,-2.7,-0.1,,0.5,0.58,3.9,17.7,10.7,9.7,1.7,2.2,13.9,18.1,470690
506,Moritz Wagner,C,23,WAS,25,375,15.4,0.344,0.426,0.5,0.5,1,0.134,-1.1,0.9,-0.2,0.2,,0.3,0.614,3.7,16.9,10.3,11.7,2.7,1.8,12.7,18.3,459414
506,Moritz Wagner,C,23,BOS,9,61,-1,0.429,0.143,-0.2,0.1,-0.2,-0.146,-10.8,-0.7,-11.5,-0.1,,0.1,0.37,5.4,29.4,17.3,12.4,0,1.5,37.7,16.9,449115
506,Moritz Wagner,C,23,ORL,11,286,11.5,0.462,0.355,0.2,0.2,0.4,0.063,-3,-1,-4,-0.1,,0.1,0.563,3.9,16.1,9.8,6.3,0.7,2.9,10.8,18.2,449115
507,Kemba Walker,PG,30,BOS,43,1369,17.7,0.522,0.22,2.1,1.1,3.3,0.115,2.5,-0.7,1.8,1.3,,1,0.559,1.3,12.6,6.9,23.8,1.7,0.8,10.6,26.1,449115
508,Lonnie Walker,SG,22,SAS,60,1522,9.8,0.463,0.115,-0.5,0.9,0.4,0.012,-2.2,-1.7,-3.8,-0.7,,1,0.523,1,10.1,5.4,9.6,0.9,0.8,9.2,20.1,449115
509,John Wall,PG,30,HOU,40,1288,15.4,0.343,0.291,-1,0.8,-0.2,-0.007,1.4,-1.6,-0.2,0.6,,1,0.503,1.3,9.7,5.3,36.2,1.5,2.1,14.7,31.7,449115
510,Brad Wanamaker,PG,31,TOT,61,1053,9.5,0.284,0.338,-0.2,1,0.9,0.039,-4.6,-0.2,-4.8,-0.7,,0.5,0.489,1.8,8.8,5.3,22.5,1.9,1,17.1,16.9,449115
510,Brad Wanamaker,PG,31,GSW,39,625,8.5,0.353,0.324,-0.2,0.7,0.5,0.036,-4.7,0.3,-4.4,-0.4,,0.3,0.468,1.4,9.8,5.6,20.8,2,0.8,15.8,16,449115
510,Brad Wanamaker,PG,31,CHO,22,428,10.9,0.19,0.357,0.1,0.3,0.4,0.044,-4.4,-0.8,-5.3,-0.4,,0.2,0.518,2.5,7.5,4.9,25,1.9,1.2,18.9,18.1,449115
511,T.J. Warren,SF,27,IND,4,117,11.6,0.137,0.196,0.1,0.1,0.1,0.045,-3,-2.5,-5.5,-0.1,,1,0.56,1.9,11.1,6.5,6.5,0.8,0,6.7,21.6,449115
512,P.J. Washington,PF,22,CHO,64,1954,13.4,0.423,0.211,0.3,2.4,2.7,0.066,-1.4,0.3,-1.1,0.5,,1,0.549,5.1,18.3,11.6,12.2,1.7,4,14.6,19.4,449115
513,Yuta Watanabe,SF,26,TOR,50,723,12.2,0.5,0.161,0.7,0.8,1.5,0.102,-1.1,0.4,-0.7,0.2,,1,0.565,5.3,19.4,12.1,7.7,1.7,2.6,9,12.7,449115
514,Tremont Waters,PG,23,BOS,26,238,14.6,0.452,0.202,0.2,0.2,0.4,0.08,0.3,0,0.3,0.1,,1,0.541,2.3,7.5,4.9,36.4,3.1,0.4,22.8,21.4,449115
515,Paul Watson,SF,26,TOR,27,297,10.9,0.78,0.098,0.4,0.2,0.6,0.096,-0.7,-0.7,-1.4,0,,1,0.649,1.4,15.7,8.3,8.2,1,1,9.5,13.7,449115
516,Quinndary Weatherspoon,SG,24,SAS,20,121,9.6,0.171,0.457,-0.1,0.1,0.1,0.023,-5.9,0.8,-5.1,-0.1,,1,0.547,2.6,7.2,4.8,9.1,3.2,1.4,19.2,18.7,449115
517,Russell Westbrook,PG,32,WAS,65,2369,19.5,0.221,0.334,0.5,3.2,3.7,0.075,2.5,0.8,3.4,3.2,,1,0.509,4.9,28.6,16.8,48.6,1.7,0.8,18,30.2,449115
518,Coby White,PG,20,CHI,69,2156,12,0.503,0.157,0.7,1.7,2.4,0.052,-1.1,-1.4,-2.6,-0.3,,1,0.54,1.5,13,7.3,21.8,0.9,0.6,13.9,22.5,449115
519,Derrick White,SG,26,SAS,36,1064,15,0.536,0.252,1,0.9,1.9,0.085,1.1,0,1.1,0.8,,1,0.55,1.3,9.6,5.4,17.4,1.2,2.9,8.2,22.4,449115
520,Hassan Whiteside,C,31,SAC,36,546,19.2,0.004,0.353,0.3,0.6,0.9,0.081,-1.8,-0.6,-2.5,-0.1,,1,0.566,12.2,31.8,21.9,5.6,0.8,7.1,13.4,23.5,449115
521,Greg Whittington,PF,27,DEN,4,12,-10.2,0.667,0,-0.1,0,-0.1,-0.259,-11.4,-6.1,-17.5,0,,1,0,0,0,0,0,0,0,0,10.9,449115
522,Andrew Wiggins,PF,25,GSW,71,2364,15,0.348,0.225,1.2,2.7,3.9,0.08,-0.1,-0.6,-0.7,0.8,,1,0.568,3.7,11.8,7.8,10.9,1.3,2.6,9.8,23.3,449115
523,Grant Williams,PF,22,BOS,63,1138,7.5,0.522,0.206,0.1,1,1.1,0.046,-4,0,-4,-0.6,,1,0.546,4.7,12.8,8.7,7.4,1.4,2,17.2,12.3,449115
524,Kenrich Williams,PF,26,OKC,66,1426,14,0.285,0.153,1.6,1.2,2.8,0.096,-1.1,0.7,-0.3,0.6,,1,0.599,6.1,14,10,16.4,1.8,1.1,14.8,15.3,449115
525,Lou Williams,PG,34,TOT,66,1423,14,0.268,0.268,0.5,1.2,1.7,0.056,-1.1,-1.8,-2.9,-0.3,,0.5,0.519,1.7,8.9,5.4,23.4,1.6,0.4,13,25.7,427725
525,Lou Williams,PG,34,LAC,42,918,15.7,0.277,0.277,0.7,0.9,1.6,0.084,-0.5,-1.4,-1.9,0,,0.3,0.529,1.9,8.7,5.4,23.3,2.1,0.4,12,26.5,424544
525,Lou Williams,PG,34,ATL,24,505,10.8,0.25,0.25,-0.2,0.2,0,0.004,-2.2,-2.7,-4.9,-0.4,,0.2,0.498,1.3,9.3,5.4,23.7,0.8,0.3,14.9,24.3,412202
526,Patrick Williams,PF,19,CHI,71,1983,10.5,0.261,0.237,0.3,2.2,2.5,0.06,-2.7,0,-2.7,-0.3,,1,0.562,3.7,14.4,9.1,6.7,1.6,2,14.4,14.9,411639
527,Robert Williams,C,23,BOS,52,985,25.7,0.008,0.283,3.4,1.9,5.3,0.258,3,3.1,6.1,2,,1,0.719,14.9,25.6,20.2,14.2,2.1,8.6,15.2,15,376276
528,Zion Williamson,PF,20,NOP,61,2026,27.1,0.033,0.51,7.1,1.6,8.7,0.205,5.8,-0.4,5.4,3.8,,1,0.649,8.9,14.7,11.8,19.7,1.3,1.8,11.6,29.8,375321
529,D.J. Wilson,PF,24,TOT,35,433,11.5,0.518,0.149,-0.2,0.5,0.3,0.032,-2.8,-0.7,-3.5,-0.2,,0.5,0.511,4.8,23.2,13.7,7.9,1.2,3.3,10.9,19.7,374297
529,D.J. Wilson,PF,24,MIL,12,105,8.4,0.651,0.047,-0.1,0.1,0,0.022,-3.3,-2.1,-5.4,-0.1,,0.2,0.49,3.1,21.3,12.5,3.7,0.4,3.4,8.4,19.1,363015
529,D.J. Wilson,PF,24,HOU,23,328,12.5,0.472,0.184,-0.1,0.3,0.2,0.036,-2.6,-0.2,-2.8,-0.1,,0.3,0.518,5.3,23.8,14.1,9.3,1.4,3.3,11.8,19.9,350087
530,Dylan Windler,SF,24,CLE,31,513,10.8,0.592,0.208,0,0.5,0.5,0.045,-1.8,0.1,-1.7,0,,1,0.567,4.3,19.5,11.7,9.4,1.8,2.1,18.4,14.8,344557
531,Justise Winslow,SF,24,MEM,26,507,6.2,0.257,0.167,-1.3,0.6,-0.7,-0.066,-6.2,0.1,-6.1,-0.5,,1,0.395,3.7,21.1,12.3,13.3,1.4,2.1,14.1,21.9,341481
532,Cassius Winston,PG,22,WAS,22,98,10.8,0.515,0.182,0.1,0.1,0.1,0.066,-1.7,-1.3,-3,0,,1,0.575,0,9.7,4.9,16.3,0.9,0.9,12.3,17.2,332252
533,James Wiseman,C,19,GSW,39,836,13.1,0.103,0.234,-0.4,1.2,0.7,0.042,-4,-1.4,-5.4,-0.7,,1,0.552,7.1,21.5,14.4,4.9,0.6,3.8,12.9,23.8,289156
534,Christian Wood,C,25,HOU,41,1326,20,0.322,0.309,1.4,1.4,2.8,0.1,1.9,-0.5,1.4,1.2,,1,0.591,5.9,26.8,15.9,9.4,1.2,3.2,9.9,25.9,279927
535,Robert Woodard,SF,21,SAC,13,45,12.5,0.3,0.4,0,0,0,-0.011,-2.6,-2.7,-5.4,0,,1,0.425,9.7,30,19.7,6.3,0,5.6,4.1,23.4,267623
536,Delon Wright,PG,28,TOT,63,1748,16.3,0.332,0.243,2.5,1.8,4.3,0.117,0.7,1.3,2,1.7,,0.5,0.562,4.1,13.1,8.6,23,2.8,1.5,12.6,16.3,249864
536,Delon Wright,PG,28,DET,36,1052,16.5,0.304,0.307,1.7,1.3,2.9,0.134,1.1,1.8,2.8,1.3,,0.3,0.562,3.9,13.6,8.7,25.7,2.7,1.6,12.6,15.8,237648
536,Delon Wright,PG,28,SAC,27,696,15.9,0.369,0.16,0.8,0.5,1.3,0.092,0.2,0.6,0.8,0.5,,0.2,0.563,4.4,12.5,8.4,18.9,3,1.3,12.7,17.1,217844
537,Thaddeus Young,PF,32,CHI,68,1652,20.3,0.068,0.171,2.8,2.2,5.1,0.147,2,1.2,3.2,2.2,,1,0.578,11.4,16.9,14.2,27.1,2.2,2.1,16.1,22.3,215330
538,Trae Young,PG,22,ATL,63,2125,23,0.357,0.491,5.9,1.3,7.2,0.163,5.4,-1.7,3.6,3,,1,0.589,2,10.5,6.3,45.5,1.2,0.5,16.2,33,198040
539,Cody Zeller,C,28,CHO,48,1005,18.2,0.086,0.367,2.1,1.1,3.3,0.156,-0.2,-0.1,-0.3,0.4,,1,0.599,12.6,22.9,17.7,13.2,1.3,1.7,11.9,18.3,198040
540,Ivica Zubac,C,23,LAC,72,1609,19.1,0.01,0.434,4.8,2.1,6.9,0.206,0.7,0,0.7,1.1,,1,0.693,13.6,22.4,18.1,7.9,0.7,3.4,14.7,15.1,196872